# features, adsorption energy relative to Pt(111) (eV), OH.db row id, slab.db row id
1,0,0,0,0,4,0,2,0,0,1,0,1,1,0,1,0,0,0,2,-0.376736,1,124
1,0,0,0,0,2,2,0,2,0,1,0,1,1,0,0,0,1,2,0,-0.568611,2,4
0,0,0,0,1,0,2,2,2,0,1,1,1,0,0,1,0,0,2,0,-0.768737,3,126
0,0,0,0,1,0,0,4,2,0,0,0,1,1,1,0,1,2,0,0,-0.667310,4,138
0,0,0,0,1,0,2,2,2,0,1,0,2,0,0,0,0,2,0,1,-0.791916,5,1
0,0,0,1,0,0,0,4,2,0,1,0,0,1,1,0,2,0,0,1,-0.290712,6,139
0,0,0,1,0,0,4,0,2,0,0,0,0,1,2,1,0,0,0,2,-0.343659,7,137
1,0,0,0,0,2,0,2,2,0,1,0,1,1,0,0,2,0,0,1,-0.496882,8,130
1,0,0,0,0,2,2,0,2,0,1,0,0,2,0,0,0,0,0,3,-0.509178,9,133
0,0,0,0,1,0,2,2,2,0,1,0,1,1,0,1,0,0,0,2,-0.730545,10,135
0,0,0,0,1,0,0,2,4,0,1,2,0,0,0,0,3,0,0,0,-0.709018,11,143
0,0,0,1,0,0,0,2,2,2,1,1,1,0,0,1,0,0,2,0,-0.328728,12,2
1,0,0,0,0,2,2,0,2,0,0,2,1,0,0,0,0,2,0,1,-0.614979,13,6
1,0,0,0,0,0,2,2,2,0,1,0,0,2,0,0,3,0,0,0,-0.653322,14,160
0,0,0,1,0,2,0,4,0,0,1,0,1,1,0,0,0,0,3,0,-0.162467,15,174
1,0,0,0,0,0,4,0,0,2,0,0,2,1,0,0,2,0,1,0,-0.659720,17,8
1,0,0,0,0,0,0,2,4,0,0,0,2,0,1,0,0,0,0,3,-0.491677,18,62
1,0,0,0,0,0,2,2,2,0,1,0,2,0,0,0,3,0,0,0,-0.677236,20,166
1,0,0,0,0,2,0,2,0,2,1,1,0,1,0,0,0,1,0,2,-0.357191,21,134
0,0,1,0,0,0,4,0,2,0,1,0,0,0,2,0,0,1,0,2,-0.182521,23,170
0,0,0,0,1,2,2,0,2,0,1,1,0,0,1,0,2,0,1,0,-0.727002,24,3
0,0,0,1,0,0,4,2,0,0,0,0,1,1,1,0,0,3,0,0,-0.416994,25,165
1,0,0,0,0,2,4,0,0,0,1,0,1,1,0,0,0,1,2,0,-0.575562,26,149
1,0,0,0,0,2,2,0,2,0,1,0,1,1,0,0,3,0,0,0,-0.641811,27,22
0,0,0,0,1,0,2,2,0,2,2,0,1,0,0,0,3,0,0,0,-0.837067,28,125
0,0,0,0,1,0,2,2,0,2,0,1,1,1,0,0,3,0,0,0,-0.828434,29,127
0,0,0,0,1,0,2,2,2,0,0,0,2,0,1,1,0,0,2,0,-0.752961,30,5
0,0,0,0,1,0,2,2,2,0,0,1,1,1,0,3,0,0,0,0,-0.714355,31,136
1,0,0,0,0,4,0,2,0,0,1,0,1,1,0,0,2,0,0,1,-0.466597,32,123
0,0,0,0,1,0,2,2,2,0,0,0,1,1,1,0,0,0,0,3,-0.753626,33,30
0,0,0,0,1,0,2,0,4,0,0,1,2,0,0,0,0,2,1,0,-0.847851,34,207
1,0,0,0,0,2,0,0,4,0,0,1,1,1,0,0,3,0,0,0,-0.546794,35,12
0,0,0,1,0,0,2,2,2,0,1,0,1,1,0,2,0,0,0,1,-0.254844,36,51
0,0,0,0,1,2,2,0,2,0,0,0,1,2,0,2,0,0,1,0,-0.711607,37,158
1,0,0,0,0,0,2,2,0,2,0,0,0,3,0,2,0,1,0,0,-0.567930,38,36
0,0,0,1,0,2,2,0,2,0,0,0,3,0,0,0,1,2,0,0,-0.397375,39,73
0,0,0,0,1,2,0,2,2,0,0,1,1,0,1,0,0,0,3,0,-0.587455,40,58
0,1,0,0,0,0,0,2,2,2,1,0,0,2,0,1,0,0,2,0,0.143717,41,14
0,0,0,0,1,0,4,0,2,0,1,0,1,1,0,0,0,0,3,0,-0.822881,42,122
0,0,0,1,0,0,2,2,2,0,1,0,1,0,1,0,2,0,0,1,-0.307675,43,152
1,0,0,0,0,0,2,2,2,0,0,2,0,0,1,0,0,1,0,2,-0.616627,44,70
1,0,0,0,0,2,0,2,2,0,1,0,0,1,1,0,0,1,0,2,-0.509822,45,129
0,0,0,0,1,2,0,4,0,0,1,0,0,1,1,3,0,0,0,0,-0.485835,46,140
1,0,0,0,0,0,4,2,0,0,0,1,0,2,0,0,0,0,0,3,-0.537523,48,168
0,0,0,1,0,0,6,0,0,0,0,2,0,1,0,0,0,0,3,0,-0.399315,49,172
0,0,0,1,0,0,0,4,2,0,0,1,0,1,1,0,3,0,0,0,-0.197047,50,154
1,0,0,0,0,0,0,2,2,2,0,0,0,1,2,0,0,0,0,3,-0.463963,51,155
0,0,0,1,0,2,2,0,2,0,1,0,1,0,1,2,0,1,0,0,-0.301819,52,76
0,0,0,1,0,2,0,2,2,0,1,1,1,0,0,0,0,1,2,0,-0.160143,53,59
1,0,0,0,0,0,0,2,4,0,1,1,1,0,0,0,2,0,1,0,-0.646186,54,38
0,0,0,1,0,0,0,6,0,0,2,0,1,0,0,0,0,3,0,0,-0.228640,55,210
0,0,0,0,1,2,0,2,2,0,1,1,0,0,1,0,3,0,0,0,-0.600815,56,50
0,0,0,0,1,4,0,0,2,0,2,0,1,0,0,0,0,3,0,0,-0.576001,57,176
0,0,0,0,1,0,2,2,2,0,1,1,0,1,0,1,0,0,2,0,-0.755404,58,144
0,0,0,0,1,0,0,4,2,0,2,0,0,0,1,3,0,0,0,0,-0.633243,59,34
1,0,0,0,0,0,2,2,0,2,2,1,0,0,0,0,0,0,0,3,-0.475369,60,41
0,0,0,0,1,2,0,0,4,0,1,1,0,0,1,0,1,0,2,0,-0.725812,61,167
0,0,0,1,0,2,0,2,2,0,1,1,0,1,0,0,1,0,0,2,-0.248366,62,60
0,0,0,1,0,0,2,0,4,0,0,0,3,0,0,0,0,0,2,1,-0.360776,63,92
0,0,0,0,1,0,2,2,0,2,0,1,1,1,0,1,0,2,0,0,-0.677767,64,147
0,0,1,0,0,0,2,0,0,4,1,0,2,0,0,0,0,2,1,0,-0.147261,65,45
1,0,0,0,0,0,4,0,2,0,2,0,0,1,0,3,0,0,0,0,-0.708124,66,68
0,0,0,1,0,2,0,0,4,0,0,0,1,2,0,2,1,0,0,0,-0.327654,67,69
0,0,0,0,1,2,0,0,4,0,0,2,0,1,0,0,1,0,2,0,-0.750037,68,159
1,0,0,0,0,0,4,2,0,0,0,1,1,1,0,0,2,0,0,1,-0.639366,69,178
0,0,0,1,0,0,0,4,2,0,0,1,1,1,0,1,0,0,2,0,-0.220720,70,26
0,0,0,0,1,2,0,0,4,0,1,2,0,0,0,0,3,0,0,0,-0.692970,71,198
1,0,0,0,0,0,0,2,2,2,0,0,1,2,0,1,0,2,0,0,-0.516813,72,169
0,0,1,0,0,2,0,2,0,2,0,0,0,2,1,2,0,1,0,0,0.136468,73,53
1,0,0,0,0,0,2,0,2,2,1,0,0,0,2,0,0,1,2,0,-0.635622,74,48
0,0,1,0,0,0,0,2,2,2,1,2,0,0,0,0,0,0,3,0,0.018610,75,64
0,0,0,1,0,0,4,0,2,0,0,0,2,1,0,3,0,0,0,0,-0.386745,76,78
1,0,0,0,0,0,2,2,2,0,1,1,0,1,0,0,0,1,0,2,-0.536689,77,49
0,0,0,1,0,2,0,2,0,2,1,0,1,1,0,2,1,0,0,0,-0.240585,78,65
1,0,0,0,0,2,0,0,2,2,0,0,2,1,0,0,0,0,3,0,-0.524690,79,196
1,0,0,0,0,0,2,2,2,0,2,0,1,0,0,2,0,1,0,0,-0.637549,80,18
0,0,0,0,1,0,0,4,2,0,0,1,0,2,0,0,0,2,1,0,-0.657142,81,17
1,0,0,0,0,0,2,4,0,0,1,0,2,0,0,1,0,0,2,0,-0.538202,82,79
1,0,0,0,0,0,0,2,0,4,0,1,0,0,2,0,1,2,0,0,-0.484390,83,23
0,0,0,1,0,0,0,6,0,0,0,1,0,1,1,0,1,0,2,0,-0.166144,84,121
0,0,1,0,0,2,0,2,2,0,0,1,0,2,0,1,0,0,0,2,0.117878,85,42
0,0,0,0,1,2,2,0,0,2,2,1,0,0,0,0,0,0,1,2,-0.725950,86,156
0,0,0,0,1,6,0,0,0,0,1,0,0,1,1,2,0,0,0,1,-0.390139,87,150
0,0,1,0,0,0,4,0,2,0,3,0,0,0,0,1,2,0,0,0,-0.303822,88,54
0,0,0,1,0,0,0,2,4,0,1,0,1,1,0,0,0,1,2,0,-0.290238,89,21
0,0,0,0,1,0,0,0,2,4,2,0,0,0,1,3,0,0,0,0,-0.667799,90,86
1,0,0,0,0,0,2,2,2,0,2,0,0,1,0,2,1,0,0,0,-0.677819,91,25
1,0,0,0,0,0,0,2,4,0,0,0,1,0,2,0,0,0,1,2,-0.630286,92,55
1,0,0,0,0,0,2,4,0,0,0,1,2,0,0,3,0,0,0,0,-0.504443,93,100
0,0,0,0,1,2,0,0,4,0,1,0,1,0,1,0,0,2,0,1,-0.604392,94,95
1,0,0,0,0,0,0,4,2,0,1,0,0,0,2,0,1,0,2,0,-0.589244,95,164
0,0,1,0,0,2,0,4,0,0,1,0,1,0,1,0,3,0,0,0,-0.029177,96,105
0,0,1,0,0,0,2,0,2,2,0,1,0,0,2,0,0,3,0,0,-0.069004,97,145
0,0,0,1,0,0,4,2,0,0,1,0,2,0,0,2,1,0,0,0,-0.349976,98,43
0,0,1,0,0,0,4,2,0,0,0,0,0,1,2,1,0,0,0,2,-0.053077,99,85
1,0,0,0,0,0,2,2,2,0,0,1,1,1,0,0,2,1,0,0,-0.637098,100,157
0,0,0,0,1,0,2,4,0,0,1,0,0,0,2,0,3,0,0,0,-0.742877,101,190
0,0,0,1,0,0,0,0,2,4,1,2,0,0,0,0,0,2,0,1,-0.387770,102,67
1,0,0,0,0,0,4,2,0,0,2,0,1,0,0,0,1,0,2,0,-0.691382,103,80
0,1,0,0,0,0,2,0,0,4,0,0,1,1,1,0,1,2,0,0,0.070189,105,594
1,0,0,0,0,0,2,0,2,2,0,1,1,0,1,1,0,0,0,2,-0.564507,106,194
0,0,0,1,0,0,0,0,6,0,0,1,1,0,1,0,0,3,0,0,-0.376511,107,191
0,0,1,0,0,0,0,4,2,0,1,1,0,0,1,0,0,0,1,2,0.071457,108,107
1,0,0,0,0,2,2,2,0,0,0,0,2,1,0,3,0,0,0,0,-0.493760,109,28
0,0,0,1,0,0,2,4,0,0,0,2,1,0,0,2,0,0,1,0,-0.272539,110,97
0,0,1,0,0,2,0,0,4,0,0,0,1,2,0,0,0,0,3,0,-0.016624,111,63
0,0,0,0,1,0,0,2,2,2,0,0,1,1,1,3,0,0,0,0,-0.633105,112,177
0,0,0,0,1,0,0,6,0,0,0,1,2,0,0,0,2,1,0,0,-0.630748,113,188
0,0,0,1,0,2,2,0,2,0,1,0,2,0,0,0,0,3,0,0,-0.331195,114,161
0,0,0,0,1,4,0,0,0,2,1,0,0,0,2,1,2,0,0,0,-0.540955,115,109
1,0,0,0,0,0,2,2,0,2,0,2,1,0,0,0,2,0,1,0,-0.671552,116,19
0,1,0,0,0,4,0,0,2,0,0,1,1,1,0,1,0,0,0,2,0.304510,117,151
0,0,1,0,0,0,0,2,2,2,0,0,2,0,1,0,0,0,2,1,-0.057154,118,61
0,0,0,0,1,4,0,2,0,0,0,2,0,1,0,0,0,2,1,0,-0.638157,119,589
0,0,1,0,0,0,0,2,2,2,0,1,2,0,0,0,0,0,0,3,0.058201,120,205
0,0,0,1,0,2,2,2,0,0,0,2,0,1,0,3,0,0,0,0,-0.176675,121,213
0,0,0,1,0,0,0,0,2,4,0,1,1,1,0,0,1,2,0,0,-0.352209,123,56
0,0,1,0,0,0,2,0,2,2,0,0,0,2,1,1,0,0,2,0,-0.116314,124,580
0,0,0,0,1,2,0,0,4,0,0,0,2,0,1,0,0,0,0,3,-0.651921,125,75
0,0,1,0,0,2,0,0,2,2,0,0,0,1,2,0,0,1,2,0,-0.096999,126,670
1,0,0,0,0,2,2,0,2,0,1,0,1,1,0,0,0,2,1,0,-0.583147,127,180
0,0,1,0,0,0,0,4,0,2,0,1,2,0,0,0,0,0,3,0,0.035365,128,40
0,0,0,1,0,0,2,0,4,0,1,0,0,1,1,1,2,0,0,0,-0.450625,129,646
1,0,0,0,0,2,2,2,0,0,1,1,0,0,1,0,2,1,0,0,-0.531212,130,218
0,0,1,0,0,2,0,2,2,0,0,0,0,2,1,0,0,2,0,1,0.039329,131,20
0,0,1,0,0,0,4,0,2,0,0,0,1,0,2,1,0,0,2,0,-0.169743,132,731
1,0,0,0,0,0,2,0,0,4,2,0,0,1,0,0,0,0,3,0,-0.597170,133,723
1,0,0,0,0,2,0,4,0,0,0,1,1,0,1,0,0,1,2,0,-0.388933,134,37
0,0,0,0,1,0,4,0,2,0,1,1,1,0,0,0,0,0,1,2,-0.845787,135,31
0,0,0,1,0,0,0,2,0,4,0,0,2,1,0,0,0,0,1,2,-0.292705,136,733
0,0,1,0,0,4,0,0,2,0,1,2,0,0,0,0,1,0,2,0,0.032328,137,183
0,0,1,0,0,0,6,0,0,0,0,1,1,0,1,0,1,2,0,0,-0.182609,138,118
0,0,1,0,0,0,0,2,4,0,1,1,0,1,0,1,0,0,0,2,0.057289,139,10
0,0,0,1,0,4,2,0,0,0,1,1,1,0,0,1,2,0,0,0,-0.263407,140,189
0,0,1,0,0,2,0,2,0,2,2,1,0,0,0,0,0,0,0,3,0.093075,141,625
0,0,0,0,1,0,2,2,2,0,0,0,1,0,2,0,1,2,0,0,-0.720085,142,171
0,1,0,0,0,2,2,0,2,0,2,0,1,0,0,0,0,0,3,0,0.119164,143,246
0,0,0,1,0,0,2,4,0,0,0,1,0,2,0,2,0,0,0,1,-0.161508,144,82
1,0,0,0,0,0,0,2,2,2,1,0,1,1,0,0,2,0,0,1,-0.573591,145,662
0,0,0,1,0,0,0,2,2,2,0,1,0,0,2,0,0,0,1,2,-0.216954,146,219
1,0,0,0,0,2,0,0,2,2,0,0,0,1,2,0,2,0,0,1,-0.530730,147,680
1,0,0,0,0,2,2,0,2,0,0,1,0,0,2,2,0,0,1,0,-0.487571,148,148
1,0,0,0,0,0,6,0,0,0,1,2,0,0,0,0,0,0,0,3,-0.650964,149,84
0,1,0,0,0,0,0,2,2,2,1,0,1,1,0,0,1,0,2,0,0.085561,150,15
0,0,1,0,0,2,0,2,2,0,1,1,0,0,1,0,0,1,0,2,0.010866,151,226
0,1,0,0,0,0,2,2,2,0,1,0,0,1,1,0,1,0,2,0,0.110876,152,240
0,1,0,0,0,0,2,2,0,2,0,1,0,1,1,0,0,0,0,3,0.237475,153,214
0,0,0,0,1,0,0,2,2,2,1,2,0,0,0,0,1,0,0,2,-0.839876,154,712
0,0,1,0,0,0,0,0,2,4,1,0,2,0,0,2,0,1,0,0,-0.101811,155,360
1,0,0,0,0,0,0,2,2,2,0,0,2,1,0,3,0,0,0,0,-0.499002,156,206
1,0,0,0,0,2,2,0,2,0,1,1,0,1,0,2,1,0,0,0,-0.486629,157,192
1,0,0,0,0,4,0,0,2,0,0,1,1,1,0,1,0,0,2,0,-0.406492,158,255
0,0,0,0,1,4,2,0,0,0,1,1,1,0,0,0,0,0,3,0,-0.618303,159,248
0,0,1,0,0,2,0,4,0,0,0,1,0,2,0,2,0,0,0,1,0.170031,160,39
1,0,0,0,0,0,0,6,0,0,0,1,0,1,1,0,0,1,2,0,-0.376503,161,24
0,0,1,0,0,4,0,2,0,0,1,0,0,1,1,0,1,0,0,2,0.082415,162,201
0,1,0,0,0,2,0,0,4,0,0,1,1,0,1,0,3,0,0,0,0.113078,163,225
0,0,1,0,0,0,2,2,2,0,2,0,0,0,1,0,1,2,0,0,-0.229334,164,239
0,1,0,0,0,4,2,0,0,0,0,0,0,2,1,0,2,1,0,0,0.203015,165,9
0,0,0,1,0,0,0,2,4,0,1,0,0,2,0,2,0,0,0,1,-0.261956,166,228
1,0,0,0,0,2,2,0,0,2,1,0,1,1,0,0,0,1,0,2,-0.497704,167,186
0,0,0,0,1,0,2,2,0,2,1,0,1,1,0,0,1,0,0,2,-0.653999,168,217
0,0,1,0,0,0,2,0,4,0,1,1,0,1,0,2,1,0,0,0,-0.147908,169,52
1,0,0,0,0,4,0,0,2,0,0,1,0,0,2,1,0,0,2,0,-0.323830,170,223
0,0,0,1,0,2,2,0,2,0,1,0,2,0,0,0,0,2,1,0,-0.298654,171,231
1,0,0,0,0,4,0,2,0,0,1,0,0,2,0,1,0,0,2,0,-0.383438,172,163
0,0,1,0,0,2,0,2,0,2,1,0,0,1,1,0,0,0,3,0,0.044653,173,237
1,0,0,0,0,0,4,0,2,0,0,0,0,1,2,1,0,0,0,2,-0.648689,174,647
0,0,1,0,0,4,2,0,0,0,2,0,0,0,1,1,0,0,0,2,0.058800,175,238
0,0,1,0,0,2,0,2,2,0,0,1,1,1,0,0,0,1,2,0,0.054930,176,187
1,0,0,0,0,2,0,0,2,2,0,0,1,2,0,0,0,0,3,0,-0.432583,177,108
0,0,1,0,0,2,0,4,0,0,0,1,0,0,2,0,2,1,0,0,0.101402,178,232
1,0,0,0,0,0,2,2,0,2,0,0,0,1,2,0,2,0,0,1,-0.519140,179,7
0,1,0,0,0,4,0,0,2,0,0,2,1,0,0,0,0,0,2,1,0.265376,180,243
1,0,0,0,0,2,0,2,2,0,2,1,0,0,0,0,0,2,0,1,-0.461919,181,208
1,0,0,0,0,0,0,0,4,2,0,0,1,0,2,0,3,0,0,0,-0.577796,182,315
0,0,0,0,1,0,4,0,2,0,1,0,1,1,0,0,1,0,2,0,-0.877174,183,216
0,1,0,0,0,0,0,0,2,4,0,0,0,1,2,0,1,0,2,0,-0.012346,184,267
0,1,0,0,0,2,4,0,0,0,0,2,1,0,0,1,0,2,0,0,0.141111,185,742
0,1,0,0,0,0,0,6,0,0,1,0,0,0,2,0,0,3,0,0,0.213730,186,247
0,0,0,1,0,4,0,0,2,0,0,1,1,1,0,0,0,0,3,0,-0.274535,187,286
1,0,0,0,0,2,2,2,0,0,0,1,0,2,0,1,2,0,0,0,-0.557497,188,235
0,0,0,0,1,2,2,0,0,2,0,1,1,1,0,2,0,0,1,0,-0.817216,189,241
0,0,0,1,0,0,0,6,0,0,1,1,1,0,0,0,0,3,0,0,-0.161103,190,197
0,0,0,0,1,2,4,0,0,0,1,0,1,0,1,2,0,0,1,0,-0.719217,191,259
0,0,0,1,0,2,2,2,0,0,2,0,0,1,0,0,2,1,0,0,-0.295178,192,279
0,0,0,1,0,2,0,0,0,4,1,0,0,1,1,0,2,0,0,1,-0.312405,193,96
1,0,0,0,0,2,2,2,0,0,1,0,0,1,1,2,0,1,0,0,-0.517966,194,300
0,0,0,1,0,0,2,2,2,0,1,1,1,0,0,0,0,0,3,0,-0.328666,195,277
0,0,0,0,1,4,2,0,0,0,0,0,1,2,0,1,0,0,0,2,-0.642683,196,234
0,1,0,0,0,2,4,0,0,0,3,0,0,0,0,0,0,0,0,3,0.175905,197,242
1,0,0,0,0,2,0,2,0,2,0,0,1,2,0,0,1,0,2,0,-0.479041,198,77
1,0,0,0,0,0,2,0,0,4,1,0,1,1,0,0,2,0,1,0,-0.608999,199,741
0,0,0,0,1,0,0,2,2,2,1,1,1,0,0,3,0,0,0,0,-0.658480,200,685
0,0,0,1,0,2,0,0,2,2,1,0,1,1,0,2,0,0,0,1,-0.198082,201,260
0,1,0,0,0,4,0,0,0,2,1,2,0,0,0,0,3,0,0,0,0.199189,202,280
0,0,1,0,0,2,0,2,0,2,2,1,0,0,0,0,0,0,2,1,0.028278,203,262
1,0,0,0,0,0,2,2,2,0,1,2,0,0,0,0,0,0,1,2,-0.604978,204,254
0,0,0,0,1,2,2,0,2,0,1,0,0,0,2,2,0,0,1,0,-0.675732,205,334
0,0,0,0,1,2,0,0,4,0,0,1,1,0,1,0,1,0,0,2,-0.710807,206,131
0,0,1,0,0,0,2,0,2,2,1,0,1,0,1,0,0,0,3,0,-0.115665,207,211
0,0,0,1,0,0,0,0,2,4,0,0,1,2,0,0,1,2,0,0,-0.315018,208,245
1,0,0,0,0,0,2,0,4,0,0,1,0,0,2,0,3,0,0,0,-0.670894,209,275
0,0,0,1,0,0,0,0,4,2,1,0,1,1,0,2,0,1,0,0,-0.361539,210,316
1,0,0,0,0,0,4,0,0,2,0,0,1,1,1,1,0,0,0,2,-0.568020,211,229
0,1,0,0,0,2,2,2,0,0,0,1,1,0,1,0,1,0,0,2,0.159317,212,222
0,1,0,0,0,0,2,0,4,0,1,0,0,0,2,0,0,2,0,1,0.032655,213,215
0,0,0,1,0,2,0,2,2,0,1,2,0,0,0,0,0,0,2,1,-0.223682,214,253
1,0,0,0,0,0,0,2,2,2,2,0,0,0,1,0,1,2,0,0,-0.613797,215,292
0,1,0,0,0,2,2,0,0,2,0,0,1,1,1,0,0,1,0,2,0.164542,216,230
1,0,0,0,0,2,2,0,0,2,1,1,1,0,0,0,2,1,0,0,-0.515835,217,321
0,1,0,0,0,0,2,0,2,2,0,0,0,1,2,1,0,0,2,0,0.062799,218,35
0,0,1,0,0,4,0,0,2,0,0,3,0,0,0,1,2,0,0,0,-0.038913,219,285
1,0,0,0,0,0,0,2,0,4,0,2,0,0,1,0,2,0,0,1,-0.478606,220,337
1,0,0,0,0,2,0,0,2,2,0,2,0,1,0,0,0,2,1,0,-0.448152,221,343
0,0,0,1,0,0,4,2,0,0,1,0,0,1,1,2,0,1,0,0,-0.379535,222,330
0,0,0,1,0,2,0,2,2,0,1,0,0,2,0,0,2,0,1,0,-0.236030,223,291
0,0,0,0,1,0,0,4,2,0,0,0,2,0,1,0,0,0,1,2,-0.638870,224,256
1,0,0,0,0,0,0,2,2,2,1,1,0,0,1,0,1,2,0,0,-0.436535,225,281
0,0,0,1,0,2,0,2,0,2,0,1,0,2,0,0,0,0,1,2,-0.271877,226,304
0,1,0,0,0,0,0,4,2,0,0,0,0,3,0,2,0,1,0,0,0.220120,227,322
0,0,0,1,0,2,2,0,2,0,0,3,0,0,0,1,0,0,0,2,-0.342056,228,297
1,0,0,0,0,2,2,0,2,0,0,1,1,1,0,0,2,0,0,1,-0.622043,229,264
1,0,0,0,0,0,0,0,2,4,1,0,0,2,0,0,3,0,0,0,-0.521783,230,345
0,0,0,1,0,0,2,4,0,0,0,1,2,0,0,0,0,2,0,1,-0.259834,231,287
0,0,1,0,0,0,0,2,4,0,1,0,2,0,0,0,3,0,0,0,-0.169163,232,318
0,1,0,0,0,2,0,0,4,0,1,1,0,1,0,0,2,0,1,0,0.100242,233,323
0,0,1,0,0,4,0,2,0,0,1,0,1,0,1,0,2,1,0,0,0.064923,234,298
1,0,0,0,0,0,4,0,0,2,0,0,1,1,1,0,0,2,0,1,-0.738571,235,74
1,0,0,0,0,2,0,2,2,0,1,0,0,1,1,1,2,0,0,0,-0.554331,236,251
0,0,1,0,0,0,0,2,0,4,0,0,3,0,0,0,2,1,0,0,-0.181094,237,257
0,0,1,0,0,0,0,0,2,4,2,0,0,0,1,1,0,2,0,0,-0.152364,238,250
1,0,0,0,0,0,0,2,0,4,1,1,0,1,0,0,0,2,1,0,-0.487567,239,102
0,0,0,0,1,2,0,0,2,2,0,2,0,1,0,0,0,1,2,0,-0.717734,240,209
1,0,0,0,0,2,2,2,0,0,0,2,1,0,0,0,1,0,0,2,-0.565861,241,341
0,0,0,1,0,0,2,2,2,0,1,0,1,1,0,1,0,2,0,0,-0.301152,242,289
1,0,0,0,0,0,0,0,4,2,0,2,0,0,1,0,2,0,0,1,-0.577099,243,340
0,1,0,0,0,0,0,0,0,6,2,1,0,0,0,2,0,1,0,0,0.098873,244,283
1,0,0,0,0,0,2,4,0,0,0,0,0,2,1,0,1,2,0,0,-0.539630,245,352
0,1,0,0,0,0,2,0,2,2,2,0,0,0,1,1,0,0,2,0,0.005057,246,44
1,0,0,0,0,2,0,0,2,2,2,1,0,0,0,0,0,1,2,0,-0.441080,247,375
0,0,1,0,0,0,0,4,2,0,0,2,1,0,0,2,0,0,0,1,0.085035,248,386
1,0,0,0,0,0,0,2,4,0,0,1,0,1,1,1,0,0,0,2,-0.490778,249,288
0,1,0,0,0,0,0,2,4,0,0,2,0,0,1,0,0,3,0,0,0.202018,250,268
0,1,0,0,0,0,0,2,2,2,0,1,0,0,2,3,0,0,0,0,0.229949,251,29
0,0,0,1,0,0,0,0,6,0,0,1,1,0,1,1,0,2,0,0,-0.305589,253,355
0,1,0,0,0,2,2,2,0,0,0,0,2,0,1,0,1,0,0,2,0.198406,254,265
0,0,1,0,0,0,4,0,0,2,0,0,0,3,0,0,2,0,1,0,-0.142945,255,319
0,0,0,0,1,2,0,2,0,2,1,1,0,0,1,0,2,0,1,0,-0.585544,256,353
0,0,0,1,0,0,2,2,0,2,1,0,0,0,2,0,1,2,0,0,-0.355388,257,181
0,0,0,0,1,0,0,0,2,4,1,1,0,0,1,0,0,2,1,0,-0.687455,258,368
0,0,0,0,1,0,0,0,4,2,1,0,0,2,0,0,0,0,1,2,-0.708206,259,293
0,0,0,1,0,2,0,0,2,2,0,0,3,0,0,0,2,0,1,0,-0.392462,260,339
1,0,0,0,0,2,0,2,0,2,0,1,1,0,1,1,0,2,0,0,-0.366220,261,306
0,0,1,0,0,0,2,0,4,0,0,2,1,0,0,0,2,1,0,0,-0.176520,262,261
1,0,0,0,0,0,2,0,2,2,2,0,1,0,0,0,0,0,3,0,-0.622989,263,295
0,0,0,1,0,0,2,0,0,4,0,1,1,0,1,0,0,1,2,0,-0.388831,264,338
1,0,0,0,0,0,6,0,0,0,0,0,1,1,1,0,2,0,1,0,-0.765665,265,314
0,0,0,0,1,2,0,2,0,2,1,1,0,0,1,3,0,0,0,0,-0.527826,266,346
0,1,0,0,0,2,0,0,2,2,0,0,1,2,0,0,0,1,2,0,0.117793,267,372
0,0,1,0,0,2,0,2,2,0,0,1,1,1,0,0,1,0,2,0,0.012620,268,382
0,0,1,0,0,0,4,0,2,0,1,0,0,1,1,2,0,0,1,0,-0.174505,269,342
1,0,0,0,0,0,4,0,2,0,1,0,1,1,0,0,2,0,1,0,-0.745139,270,46
0,0,1,0,0,2,2,0,2,0,1,0,1,0,1,0,0,1,0,2,-0.117092,271,999
0,0,0,1,0,0,0,2,4,0,1,0,0,2,0,0,2,0,1,0,-0.337671,272,269
0,1,0,0,0,2,0,0,2,2,1,0,2,0,0,1,0,2,0,0,0.117315,273,272
0,0,0,1,0,0,2,2,2,0,1,0,0,1,1,2,1,0,0,0,-0.278175,274,332
0,0,0,1,0,0,4,0,2,0,0,2,1,0,0,1,0,0,0,2,-0.370880,275,98
0,0,1,0,0,0,0,4,2,0,0,1,0,2,0,0,0,0,3,0,0.052871,276,349
0,0,0,0,1,2,4,0,0,0,1,1,0,1,0,2,0,0,0,1,-0.698112,277,309
0,1,0,0,0,0,4,0,2,0,0,1,1,0,1,0,0,2,0,1,0.115631,278,366
0,0,0,1,0,2,0,0,2,2,0,0,1,1,1,0,0,0,3,0,-0.194488,279,364
1,0,0,0,0,0,2,0,2,2,0,0,1,1,1,1,0,2,0,0,-0.592929,280,325
0,1,0,0,0,2,2,0,2,0,1,1,1,0,0,0,0,0,1,2,0.245283,281,270
0,0,1,0,0,4,0,2,0,0,0,1,1,1,0,0,0,1,0,2,0.157787,282,370
0,0,0,1,0,2,0,0,2,2,1,0,2,0,0,0,0,0,2,1,-0.209286,283,383
0,0,0,1,0,2,0,2,2,0,1,0,0,1,1,2,0,1,0,0,-0.252761,284,586
0,1,0,0,0,2,0,0,2,2,1,2,0,0,0,1,0,0,0,2,0.201278,285,252
0,0,1,0,0,0,4,0,2,0,0,0,1,1,1,0,3,0,0,0,-0.217808,286,336
0,1,0,0,0,2,0,2,0,2,0,0,1,1,1,0,1,0,0,2,0.106706,287,284
1,0,0,0,0,0,0,2,2,2,0,1,0,2,0,2,0,1,0,0,-0.489106,288,81
1,0,0,0,0,2,2,2,0,0,0,2,1,0,0,0,1,0,2,0,-0.548745,289,335
0,1,0,0,0,0,0,4,2,0,1,1,1,0,0,0,1,0,2,0,0.176879,290,351
0,0,1,0,0,0,4,0,2,0,1,0,0,0,2,2,0,1,0,0,-0.317646,291,274
0,1,0,0,0,2,0,4,0,0,1,0,0,0,2,1,2,0,0,0,0.188182,292,379
0,0,0,1,0,2,2,0,2,0,0,0,0,2,1,2,0,0,1,0,-0.265907,293,294
0,0,1,0,0,2,0,0,2,2,1,0,0,1,1,0,2,0,1,0,-0.110241,294,87
0,0,0,1,0,0,0,0,6,0,0,1,1,0,1,2,0,0,1,0,-0.322297,295,361
0,0,0,1,0,0,0,4,2,0,0,0,0,2,1,0,1,2,0,0,-0.278415,296,356
0,0,0,1,0,0,4,2,0,0,0,0,0,1,2,2,0,0,0,1,-0.287117,297,331
1,0,0,0,0,0,0,2,4,0,3,0,0,0,0,0,2,0,0,1,-0.675562,298,308
1,0,0,0,0,0,0,2,4,0,1,2,0,0,0,0,0,0,2,1,-0.514094,299,301
0,1,0,0,0,0,0,2,4,0,1,1,0,1,0,1,0,2,0,0,0.168964,300,401
0,1,0,0,0,0,0,4,0,2,1,0,0,2,0,2,0,1,0,0,0.198105,301,384
1,0,0,0,0,4,0,0,2,0,1,1,0,1,0,2,0,0,1,0,-0.392833,302,394
0,0,1,0,0,2,2,2,0,0,1,0,1,0,1,2,0,1,0,0,-0.065639,303,320
0,0,1,0,0,0,2,2,0,2,0,0,1,1,1,0,0,0,2,1,-0.051405,304,388
0,1,0,0,0,0,2,0,4,0,1,0,2,0,0,0,0,0,0,3,0.131297,305,405
1,0,0,0,0,2,0,0,0,4,0,1,0,2,0,0,0,1,2,0,-0.395248,307,377
0,0,1,0,0,2,0,0,4,0,0,1,1,1,0,2,0,1,0,0,-0.015804,308,404
0,0,0,1,0,2,2,0,2,0,0,0,0,2,1,1,2,0,0,0,-0.307167,309,101
0,0,0,1,0,0,0,4,0,2,1,0,0,1,1,0,1,0,2,0,-0.225629,310,212
1,0,0,0,0,0,2,2,0,2,0,0,3,0,0,0,0,0,0,3,-0.475306,311,83
1,0,0,0,0,4,0,0,2,0,1,0,0,2,0,0,0,3,0,0,-0.428065,312,299
0,1,0,0,0,0,2,0,2,2,2,1,0,0,0,1,0,0,2,0,0.061420,313,408
1,0,0,0,0,2,0,2,2,0,1,1,0,0,1,0,1,2,0,0,-0.431666,314,406
1,0,0,0,0,2,0,2,0,2,1,0,2,0,0,1,0,0,2,0,-0.452125,315,114
0,1,0,0,0,0,0,4,2,0,0,0,1,2,0,3,0,0,0,0,0.297255,316,380
0,0,1,0,0,2,0,0,2,2,0,0,1,0,2,0,2,0,0,1,-0.039551,317,99
0,1,0,0,0,0,2,0,2,2,1,0,0,1,1,1,0,2,0,0,0.010671,318,409
0,0,0,0,1,0,2,4,0,0,0,0,0,2,1,0,0,3,0,0,-0.692796,319,328
0,0,0,1,0,0,4,0,0,2,1,0,0,1,1,0,0,0,3,0,-0.391520,320,412
0,0,0,0,1,0,2,2,0,2,0,0,1,2,0,0,2,0,1,0,-0.727343,321,132
0,1,0,0,0,0,2,2,0,2,1,0,0,0,2,1,0,0,2,0,0.092672,322,354
0,1,0,0,0,4,0,0,0,2,0,0,1,1,1,0,3,0,0,0,0.180909,323,327
0,1,0,0,0,2,0,4,0,0,0,0,1,1,1,0,0,3,0,0,0.287211,324,398
0,0,1,0,0,2,0,0,4,0,0,0,1,1,1,3,0,0,0,0,0.056180,325,276
0,0,0,0,1,2,4,0,0,0,1,1,0,0,1,2,0,0,0,1,-0.630937,326,426
0,0,1,0,0,0,2,0,0,4,2,0,0,1,0,0,0,2,1,0,-0.188233,327,307
1,0,0,0,0,0,0,2,2,2,0,1,1,1,0,0,1,0,0,2,-0.544874,328,363
0,0,0,0,1,0,2,4,0,0,0,1,0,1,1,0,0,1,2,0,-0.686662,329,106
0,0,0,0,1,4,0,0,2,0,1,1,0,1,0,0,0,2,0,1,-0.491221,330,396
0,0,0,1,0,0,0,0,4,2,1,1,0,1,0,0,0,2,0,1,-0.316991,331,348
0,0,0,0,1,0,0,2,4,0,2,0,0,0,1,0,0,2,0,1,-0.685352,332,303
1,0,0,0,0,2,2,0,2,0,2,0,1,0,0,0,0,2,1,0,-0.634432,333,411
0,0,0,1,0,0,2,2,2,0,1,1,1,0,0,2,0,1,0,0,-0.297755,334,443
0,0,1,0,0,2,0,2,0,2,0,0,1,1,1,1,0,2,0,0,-0.035133,335,419
0,0,0,0,1,2,0,2,2,0,1,0,0,0,2,2,1,0,0,0,-0.636349,336,359
1,0,0,0,0,0,2,0,2,2,0,0,1,0,2,0,1,0,2,0,-0.582434,337,369
0,0,0,1,0,2,2,2,0,0,0,0,2,1,0,2,0,0,1,0,-0.219297,338,111
0,0,1,0,0,0,2,2,2,0,0,1,0,1,1,1,0,2,0,0,-0.101549,339,110
1,0,0,0,0,2,0,2,2,0,0,1,0,1,1,0,0,0,2,1,-0.403941,340,317
0,0,0,1,0,4,2,0,0,0,1,0,1,1,0,1,0,2,0,0,-0.205276,341,427
0,0,0,0,1,0,0,2,4,0,2,0,0,1,0,0,0,0,3,0,-0.674298,342,365
1,0,0,0,0,0,0,2,4,0,1,2,0,0,0,0,1,0,2,0,-0.587079,343,431
1,0,0,0,0,2,0,2,2,0,1,1,0,0,1,0,0,0,1,2,-0.394400,344,407
0,0,1,0,0,2,2,0,2,0,2,0,1,0,0,0,0,3,0,0,-0.175350,345,480
0,1,0,0,0,0,2,2,0,2,1,0,1,0,1,0,1,2,0,0,0.092691,346,448
1,0,0,0,0,4,0,0,0,2,0,1,1,0,1,1,0,0,2,0,-0.428329,347,113
0,0,0,0,1,0,0,0,4,2,0,1,0,2,0,0,0,2,1,0,-0.693496,348,115
1,0,0,0,0,2,0,0,0,4,1,1,0,0,1,0,0,2,1,0,-0.427299,349,390
0,0,1,0,0,2,0,4,0,0,0,1,1,1,0,0,3,0,0,0,-0.032678,350,119
0,0,0,1,0,2,0,4,0,0,0,1,1,1,0,2,0,1,0,0,-0.098160,351,430
1,0,0,0,0,2,2,2,0,0,0,1,1,1,0,0,2,1,0,0,-0.527801,352,112
0,0,1,0,0,2,0,0,0,4,0,1,0,2,0,0,0,0,1,2,0.090009,353,462
1,0,0,0,0,0,2,2,0,2,1,1,0,1,0,0,0,1,2,0,-0.628225,354,94
0,1,0,0,0,0,0,2,4,0,0,2,0,1,0,0,0,2,1,0,0.134783,355,418
1,0,0,0,0,0,0,2,2,2,0,2,1,0,0,1,0,0,0,2,-0.639426,356,91
0,0,1,0,0,0,2,2,0,2,1,0,1,1,0,1,0,0,0,2,-0.029607,357,429
0,0,1,0,0,0,0,4,0,2,0,1,1,1,0,1,0,0,0,2,0.066449,358,381
0,1,0,0,0,0,2,0,4,0,1,0,1,0,1,2,0,1,0,0,0.036493,359,445
0,0,1,0,0,2,2,0,0,2,1,0,0,0,2,0,0,2,1,0,-0.109874,360,423
0,1,0,0,0,0,2,0,2,2,0,2,1,0,0,0,0,2,1,0,0.040095,361,432
0,0,1,0,0,0,4,2,0,0,0,1,0,0,2,2,0,0,1,0,-0.063941,362,120
0,1,0,0,0,2,2,0,2,0,0,0,0,3,0,2,0,0,0,1,0.217893,363,452
1,0,0,0,0,0,0,0,4,2,2,1,0,0,0,0,1,0,0,2,-0.540480,364,400
0,1,0,0,0,0,0,0,4,2,0,2,0,0,1,0,0,0,2,1,0.124540,365,451
0,0,0,1,0,4,0,2,0,0,1,0,1,1,0,0,0,2,1,0,-0.129428,366,436
0,0,0,1,0,0,2,0,4,0,2,0,0,1,0,2,0,1,0,0,-0.369049,367,416
0,0,1,0,0,2,0,0,4,0,0,0,2,1,0,0,2,0,1,0,-0.116360,368,447
0,0,0,0,1,2,2,0,0,2,1,0,1,1,0,0,1,0,2,0,-0.704066,369,389
0,0,1,0,0,2,2,0,2,0,0,2,0,1,0,0,2,0,1,0,-0.085432,370,344
0,1,0,0,0,0,2,0,2,2,2,0,0,1,0,2,0,1,0,0,0.053797,371,57
1,0,0,0,0,2,0,2,0,2,0,1,1,0,1,0,2,0,0,1,-0.462018,372,13
0,1,0,0,0,4,0,0,2,0,2,0,0,0,1,0,1,2,0,0,0.143311,373,440
0,0,0,1,0,0,0,0,2,4,1,0,1,1,0,1,0,0,0,2,-0.276851,374,453
0,0,1,0,0,2,0,2,2,0,0,1,1,1,0,0,2,0,1,0,-0.023857,375,435
0,0,0,1,0,2,0,0,0,4,0,1,0,2,0,0,0,1,0,2,-0.198080,376,438
0,0,0,1,0,0,0,0,2,4,1,0,0,2,0,3,0,0,0,0,-0.273382,377,433
1,0,0,0,0,2,0,2,2,0,1,1,0,0,1,0,0,1,2,0,-0.439611,378,434
0,0,1,0,0,0,4,0,2,0,0,0,0,0,3,2,0,0,1,0,-0.167774,379,502
0,0,0,1,0,0,0,0,2,4,0,2,1,0,0,0,1,2,0,0,-0.400208,380,393
1,0,0,0,0,4,0,2,0,0,1,1,0,1,0,0,0,0,3,0,-0.366310,381,414
1,0,0,0,0,2,2,0,2,0,0,2,0,1,0,2,0,0,0,1,-0.547816,382,233
0,0,1,0,0,2,2,2,0,0,0,1,0,1,1,0,0,3,0,0,0.033505,383,486
0,0,0,0,1,0,2,2,2,0,1,0,0,0,2,2,0,0,0,1,-0.717394,384,200
0,1,0,0,0,0,0,6,0,0,2,0,0,0,1,0,2,1,0,0,0.186309,385,476
0,0,0,1,0,2,0,2,2,0,1,0,1,1,0,0,0,3,0,0,-0.246928,386,468
0,0,0,1,0,0,0,4,2,0,2,1,0,0,0,0,0,0,3,0,-0.245023,387,417
0,1,0,0,0,0,2,2,0,2,0,0,2,1,0,0,0,2,0,1,0.145256,388,469
0,0,0,1,0,0,0,4,0,2,1,1,1,0,0,0,0,2,1,0,-0.192728,389,454
0,0,0,1,0,0,2,0,4,0,0,0,0,0,3,0,0,0,1,2,-0.283068,390,461
0,0,0,1,0,0,4,2,0,0,1,0,0,1,1,1,0,2,0,0,-0.412053,391,492
0,0,0,1,0,0,0,0,2,4,1,1,0,0,1,1,0,0,0,2,-0.250015,392,397
1,0,0,0,0,4,0,0,0,2,1,0,1,0,1,0,1,2,0,0,-0.343478,393,654
0,0,1,0,0,0,2,0,4,0,1,0,0,1,1,1,2,0,0,0,-0.187578,394,473
0,0,1,0,0,2,0,0,4,0,1,0,0,2,0,0,0,0,2,1,-0.013701,395,487
0,1,0,0,0,2,2,0,0,2,0,1,0,2,0,2,0,1,0,0,0.124731,396,425
1,0,0,0,0,2,0,2,2,0,1,1,1,0,0,2,0,0,1,0,-0.405144,397,458
0,0,0,0,1,6,0,0,0,0,1,0,0,1,1,0,0,2,0,1,-0.447543,398,450
0,0,0,0,1,0,2,4,0,0,0,0,3,0,0,0,1,0,2,0,-0.759465,399,358
0,1,0,0,0,0,2,0,4,0,1,1,0,1,0,0,2,1,0,0,0.043463,400,495
1,0,0,0,0,0,0,6,0,0,0,1,1,1,0,1,0,0,0,2,-0.395140,401,474
1,0,0,0,0,2,0,2,2,0,1,0,0,1,1,0,2,1,0,0,-0.562634,402,456
1,0,0,0,0,2,2,0,0,2,1,0,0,0,2,0,2,0,1,0,-0.607327,403,444
0,0,1,0,0,0,0,0,2,4,0,1,1,0,1,0,1,0,2,0,-0.130625,404,441
0,0,0,0,1,0,2,0,4,0,0,2,1,0,0,0,0,0,0,3,-0.872377,405,66
1,0,0,0,0,4,0,0,2,0,1,0,1,0,1,0,0,3,0,0,-0.482704,406,575
0,0,0,0,1,4,0,0,2,0,1,1,1,0,0,0,2,1,0,0,-0.618949,407,482
1,0,0,0,0,0,0,2,0,4,2,0,0,1,0,0,0,0,3,0,-0.513472,408,244
0,1,0,0,0,0,0,2,0,4,0,1,0,0,2,0,0,0,2,1,0.138079,409,460
0,0,0,0,1,4,2,0,0,0,1,0,0,0,2,0,0,0,0,3,-0.527735,410,324
0,0,1,0,0,2,2,0,2,0,2,0,1,0,0,0,2,0,1,0,-0.160702,411,504
0,1,0,0,0,0,0,4,0,2,0,0,1,0,2,0,3,0,0,0,0.190487,412,471
0,1,0,0,0,4,2,0,0,0,0,0,1,1,1,0,1,2,0,0,0.159175,413,378
0,1,0,0,0,0,2,2,2,0,0,2,0,0,1,1,0,0,2,0,0.192295,414,459
0,1,0,0,0,0,0,6,0,0,1,0,1,0,1,0,0,1,0,2,0.292253,415,391
1,0,0,0,0,0,0,4,2,0,0,1,0,0,2,0,0,2,0,1,-0.356691,416,489
1,0,0,0,0,2,0,0,2,2,0,1,0,1,1,3,0,0,0,0,-0.390049,417,995
1,0,0,0,0,0,2,2,0,2,0,0,0,0,3,2,0,0,1,0,-0.479748,418,528
1,0,0,0,0,2,2,0,0,2,0,2,0,0,1,0,2,1,0,0,-0.416653,419,621
0,0,1,0,0,0,0,4,0,2,1,1,0,0,1,2,0,0,0,1,0.145032,420,496
0,0,0,0,1,0,2,0,2,2,1,1,0,1,0,0,0,2,1,0,-0.696163,421,505
0,0,0,1,0,0,0,0,4,2,0,1,0,1,1,0,0,0,2,1,-0.345529,422,385
0,0,1,0,0,2,2,2,0,0,1,0,0,0,2,2,0,0,0,1,0.049716,423,541
0,0,0,0,1,0,2,2,2,0,1,0,1,1,0,0,1,0,2,0,-0.809528,424,501
0,0,0,0,1,0,4,0,2,0,1,1,1,0,0,2,0,0,0,1,-0.790215,425,475
1,0,0,0,0,0,2,2,0,2,0,0,2,0,1,0,1,0,2,0,-0.610232,426,466
1,0,0,0,0,2,0,2,2,0,0,2,0,1,0,1,0,0,0,2,-0.460652,427,493
0,1,0,0,0,2,0,0,4,0,1,0,0,1,1,0,0,2,0,1,0.071782,428,488
0,1,0,0,0,0,2,0,2,2,0,1,1,1,0,0,0,0,1,2,0.103087,429,182
0,0,0,0,1,2,0,4,0,0,0,1,1,0,1,2,0,1,0,0,-0.503308,430,449
0,0,1,0,0,0,0,0,4,2,0,0,1,2,0,2,1,0,0,0,-0.082680,431,464
0,0,1,0,0,2,2,0,2,0,1,0,0,0,2,2,1,0,0,0,-0.123571,432,517
0,0,1,0,0,0,4,0,2,0,1,1,0,1,0,0,1,2,0,0,-0.189375,433,455
1,0,0,0,0,0,2,0,2,2,0,2,0,0,1,0,0,2,0,1,-0.544977,434,512
0,0,0,1,0,2,0,2,0,2,2,0,0,0,1,0,1,2,0,0,-0.243573,435,537
0,0,0,0,1,2,2,0,2,0,1,1,0,1,0,0,0,1,2,0,-0.717580,436,539
1,0,0,0,0,2,0,0,2,2,1,0,2,0,0,0,3,0,0,0,-0.617775,437,609
0,0,1,0,0,2,2,2,0,0,0,0,0,2,1,1,0,0,2,0,0.057100,438,494
0,0,0,0,1,0,2,2,0,2,1,0,0,2,0,0,0,0,1,2,-0.772493,439,410
0,1,0,0,0,2,0,2,2,0,0,1,1,1,0,0,0,0,1,2,0.298544,440,554
0,1,0,0,0,0,2,2,2,0,0,1,1,1,0,2,0,0,0,1,0.196592,441,543
0,1,0,0,0,0,2,2,0,2,0,2,1,0,0,0,0,1,0,2,0.142506,442,503
0,0,1,0,0,0,4,2,0,0,1,0,1,0,1,0,2,0,0,1,-0.256920,443,530
0,1,0,0,0,2,0,2,2,0,0,2,1,0,0,2,0,0,1,0,0.234409,444,515
0,1,0,0,0,2,2,0,2,0,0,0,1,2,0,2,0,0,1,0,0.152869,445,516
1,0,0,0,0,2,0,0,2,2,2,0,0,0,1,0,1,0,2,0,-0.490303,446,224
0,1,0,0,0,0,2,2,2,0,1,1,0,1,0,0,0,1,2,0,0.138789,447,519
0,1,0,0,0,0,0,0,0,6,0,2,1,0,0,0,0,0,3,0,0.076114,448,470
0,0,1,0,0,2,2,0,0,2,2,1,0,0,0,1,2,0,0,0,-0.094782,449,522
0,0,0,1,0,2,2,2,0,0,0,1,0,1,1,2,1,0,0,0,-0.147986,450,498
0,0,0,0,1,4,2,0,0,0,0,1,0,1,1,0,0,0,3,0,-0.529209,451,508
0,1,0,0,0,4,2,0,0,0,1,0,1,0,1,1,2,0,0,0,0.210944,452,529
0,0,1,0,0,2,2,2,0,0,0,2,1,0,0,0,2,0,1,0,-0.033067,453,531
0,0,1,0,0,2,0,2,0,2,0,1,1,1,0,1,2,0,0,0,-0.028345,454,555
1,0,0,0,0,0,2,2,2,0,0,1,1,1,0,0,0,3,0,0,-0.624545,455,511
0,1,0,0,0,0,2,2,2,0,0,1,1,0,1,0,0,0,0,3,0.228549,456,726
0,1,0,0,0,2,0,4,0,0,0,0,1,1,1,0,0,0,1,2,0.302996,457,491
0,1,0,0,0,2,2,0,2,0,0,2,0,1,0,0,0,2,1,0,0.183116,458,520
0,1,0,0,0,0,2,2,0,2,1,1,0,1,0,0,3,0,0,0,0.086676,459,387
0,0,0,0,1,0,0,2,2,2,0,0,1,1,1,2,0,1,0,0,-0.624861,460,600
0,0,1,0,0,2,4,0,0,0,1,0,1,1,0,1,2,0,0,0,-0.160641,461,312
1,0,0,0,0,6,0,0,0,0,2,0,1,0,0,3,0,0,0,0,-0.317316,462,612
0,1,0,0,0,2,0,0,4,0,1,0,0,0,2,0,0,1,0,2,0.109232,463,545
1,0,0,0,0,2,0,0,4,0,1,0,0,0,2,2,0,0,0,1,-0.449359,464,581
0,1,0,0,0,2,0,0,2,2,1,2,0,0,0,0,1,2,0,0,0.107784,465,439
0,0,0,1,0,2,0,2,2,0,0,0,0,2,1,0,0,2,0,1,-0.188111,466,514
1,0,0,0,0,0,2,2,2,0,1,1,1,0,0,2,0,1,0,0,-0.508865,467,544
1,0,0,0,0,0,0,4,0,2,0,0,1,1,1,0,2,0,0,1,-0.519148,468,421
0,0,1,0,0,0,4,0,2,0,1,1,1,0,0,2,0,1,0,0,-0.133631,469,535
0,0,0,0,1,0,0,2,0,4,1,0,0,1,1,0,0,1,2,0,-0.661459,470,507
1,0,0,0,0,2,4,0,0,0,1,0,1,0,1,0,2,1,0,0,-0.701900,471,617
1,0,0,0,0,0,0,4,0,2,0,2,0,0,1,0,0,2,1,0,-0.492290,472,627
0,0,0,0,1,0,2,2,2,0,0,0,0,2,1,0,0,1,2,0,-0.717316,473,525
0,1,0,0,0,0,0,2,4,0,0,0,0,1,2,0,0,0,0,3,0.206695,474,467
0,0,0,1,0,0,0,0,0,6,0,3,0,0,0,1,0,0,0,2,-0.376855,475,567
0,0,0,0,1,0,0,2,2,2,2,0,1,0,0,1,2,0,0,0,-0.665610,476,571
0,0,0,1,0,0,0,0,0,6,1,0,1,1,0,0,0,0,3,0,-0.247116,477,483
0,1,0,0,0,2,0,4,0,0,1,0,0,2,0,0,0,1,0,2,0.272925,478,524
0,1,0,0,0,0,0,2,0,4,0,2,0,0,1,0,1,2,0,0,0.226890,479,533
1,0,0,0,0,0,2,4,0,0,1,0,0,2,0,2,1,0,0,0,-0.577953,480,1000
1,0,0,0,0,0,4,2,0,0,1,0,0,2,0,0,2,0,0,1,-0.695609,481,556
0,0,0,0,1,0,0,2,2,2,1,0,1,0,1,3,0,0,0,0,-0.631282,482,534
0,0,0,1,0,2,0,0,2,2,0,0,1,0,2,1,2,0,0,0,-0.290523,484,595
0,0,0,0,1,2,2,2,0,0,2,0,1,0,0,0,0,0,2,1,-0.686970,485,582
1,0,0,0,0,0,0,6,0,0,0,0,1,1,1,2,0,1,0,0,-0.482981,486,573
0,1,0,0,0,0,4,0,2,0,1,0,1,0,1,0,2,1,0,0,-0.041562,487,624
0,0,0,1,0,2,0,0,4,0,0,1,1,1,0,0,0,0,2,1,-0.280756,488,585
0,0,0,1,0,0,2,2,0,2,0,1,0,2,0,3,0,0,0,0,-0.271689,489,548
0,0,0,1,0,4,0,0,2,0,0,1,0,1,1,0,1,0,2,0,-0.130511,490,562
0,0,1,0,0,0,2,2,0,2,1,0,0,1,1,0,0,1,2,0,-0.088161,491,553
1,0,0,0,0,0,2,0,0,4,2,0,1,0,0,0,0,2,0,1,-0.552575,492,669
0,1,0,0,0,0,0,4,2,0,2,1,0,0,0,1,0,2,0,0,0.247724,493,523
0,0,1,0,0,2,0,4,0,0,0,0,0,2,1,0,2,1,0,0,0.058169,494,559
0,0,0,1,0,0,2,0,2,2,0,1,2,0,0,0,0,3,0,0,-0.376206,495,563
0,0,0,1,0,2,0,2,0,2,0,1,2,0,0,2,0,0,1,0,-0.354221,496,604
0,0,0,0,1,0,0,2,2,2,2,0,1,0,0,1,0,2,0,0,-0.690997,497,649
1,0,0,0,0,4,2,0,0,0,2,0,1,0,0,0,1,0,2,0,-0.456043,498,551
0,0,0,0,1,2,2,0,0,2,0,0,2,1,0,0,1,2,0,0,-0.695387,499,610
0,0,0,0,1,2,0,0,4,0,1,1,1,0,0,0,2,0,1,0,-0.692110,500,546
0,0,1,0,0,0,4,2,0,0,0,1,0,1,1,2,0,1,0,0,-0.078590,501,619
1,0,0,0,0,4,0,2,0,0,0,2,0,0,1,3,0,0,0,0,-0.295897,502,485
0,0,0,1,0,2,2,0,2,0,0,1,1,0,1,0,0,2,1,0,-0.248707,503,607
0,0,1,0,0,0,0,6,0,0,0,0,0,2,1,1,0,0,0,2,0.171019,504,652
1,0,0,0,0,2,2,0,2,0,0,1,0,0,2,2,0,1,0,0,-0.506564,505,538
0,0,0,0,1,0,0,2,4,0,1,1,0,1,0,0,2,1,0,0,-0.716906,506,547
0,1,0,0,0,0,4,2,0,0,1,1,0,1,0,0,2,0,0,1,0.087171,507,629
0,1,0,0,0,0,0,2,4,0,0,1,0,1,1,2,0,1,0,0,0.162914,508,564
0,0,1,0,0,0,0,4,2,0,0,1,1,0,1,0,0,0,3,0,-0.010465,509,497
0,1,0,0,0,0,0,0,4,2,0,0,2,0,1,0,0,1,0,2,-0.013757,510,606
0,1,0,0,0,2,0,0,2,2,1,0,1,1,0,2,1,0,0,0,0.060186,511,579
0,0,1,0,0,2,0,0,2,2,0,1,0,1,1,0,0,1,0,2,0.065471,512,560
0,0,1,0,0,0,2,2,0,2,1,0,2,0,0,0,2,0,0,1,-0.108605,513,605
0,1,0,0,0,2,0,2,0,2,1,0,2,0,0,2,0,0,0,1,0.273024,514,657
0,0,1,0,0,0,4,2,0,0,2,0,0,1,0,0,0,1,0,2,-0.134760,515,663
0,1,0,0,0,2,2,0,0,2,0,0,0,2,1,0,0,0,1,2,0.136946,516,640
0,0,0,0,1,0,2,0,4,0,1,0,1,1,0,0,0,1,2,0,-0.787173,517,615
0,1,0,0,0,4,0,0,0,2,1,0,0,0,2,0,0,0,2,1,0.204334,518,591
0,0,0,1,0,0,0,4,2,0,0,2,1,0,0,1,2,0,0,0,-0.329433,519,587
0,1,0,0,0,0,2,0,4,0,1,0,1,0,1,0,1,2,0,0,0.055211,520,998
0,0,0,0,1,0,0,4,2,0,0,0,3,0,0,0,0,2,0,1,-0.692111,521,613
0,0,1,0,0,2,0,2,2,0,2,1,0,0,0,0,1,0,0,2,-0.014515,522,616
0,0,0,1,0,2,0,2,2,0,2,0,0,1,0,0,0,1,2,0,-0.268685,523,549
0,0,0,0,1,0,0,2,4,0,2,0,1,0,0,1,2,0,0,0,-0.798306,524,566
1,0,0,0,0,0,2,0,2,2,2,0,0,0,1,0,0,1,2,0,-0.617192,525,638
0,0,0,1,0,0,2,0,2,2,1,0,1,0,1,0,1,0,0,2,-0.382568,526,635
0,0,0,0,1,2,0,2,0,2,0,1,0,2,0,0,0,1,2,0,-0.572388,527,521
0,1,0,0,0,0,0,2,0,4,0,1,1,0,1,1,0,0,0,2,0.196496,528,588
0,0,1,0,0,2,2,2,0,0,0,0,2,1,0,1,0,0,2,0,0.021023,529,653
0,0,1,0,0,0,0,2,4,0,2,0,0,0,1,1,0,2,0,0,-0.124211,530,249
0,0,0,0,1,0,2,2,0,2,1,0,1,1,0,1,0,0,2,0,-0.701474,531,577
1,0,0,0,0,0,2,2,2,0,1,0,1,0,1,0,0,0,1,2,-0.475967,533,738
0,0,1,0,0,2,0,0,2,2,1,0,1,0,1,0,1,2,0,0,-0.101699,534,592
0,0,0,1,0,2,0,0,4,0,0,2,0,1,0,1,0,0,2,0,-0.258786,535,561
0,0,0,0,1,2,4,0,0,0,3,0,0,0,0,0,0,2,0,1,-0.776801,536,660
0,1,0,0,0,0,2,2,0,2,1,1,0,1,0,0,0,2,0,1,0.146051,537,689
0,0,0,1,0,2,4,0,0,0,0,3,0,0,0,0,2,0,0,1,-0.391938,538,719
0,0,1,0,0,2,0,2,0,2,0,1,1,1,0,1,0,2,0,0,0.008260,539,737
1,0,0,0,0,6,0,0,0,0,1,0,1,1,0,3,0,0,0,0,-0.298194,540,569
0,0,0,1,0,0,0,0,0,6,0,0,0,2,1,0,2,1,0,0,-0.337786,541,677
0,0,0,1,0,2,0,0,2,2,0,0,2,0,1,0,0,0,3,0,-0.250320,542,671
0,0,0,0,1,4,0,0,2,0,1,0,0,1,1,0,0,0,1,2,-0.568632,543,597
0,0,1,0,0,4,0,0,2,0,0,0,1,1,1,2,1,0,0,0,0.013128,544,614
0,1,0,0,0,0,0,4,0,2,0,1,0,0,2,1,0,0,2,0,0.230850,545,684
0,0,0,0,1,2,2,2,0,0,1,0,0,0,2,0,0,0,2,1,-0.627612,546,674
0,0,0,0,1,0,0,2,4,0,0,0,2,1,0,0,0,3,0,0,-0.756646,547,628
0,1,0,0,0,2,0,0,2,2,0,0,1,1,1,0,0,0,2,1,0.123904,548,576
1,0,0,0,0,4,0,0,0,2,0,0,2,1,0,0,0,2,1,0,-0.445494,549,692
1,0,0,0,0,0,0,4,0,2,1,2,0,0,0,3,0,0,0,0,-0.459815,550,634
0,0,0,0,1,0,0,0,0,6,1,2,0,0,0,2,0,0,0,1,-0.810080,551,593
0,0,1,0,0,2,0,4,0,0,0,1,1,1,0,0,2,1,0,0,0.016561,552,701
0,0,0,1,0,0,2,0,4,0,1,0,0,0,2,3,0,0,0,0,-0.330472,553,665
0,0,0,1,0,0,0,4,0,2,1,0,1,0,1,2,0,0,1,0,-0.232156,554,578
0,0,0,1,0,4,0,2,0,0,1,1,0,1,0,0,0,0,0,3,-0.127655,555,599
1,0,0,0,0,2,4,0,0,0,1,1,0,0,1,0,0,1,2,0,-0.543608,556,676
0,0,0,0,1,6,0,0,0,0,0,0,1,2,0,0,1,0,2,0,-0.554402,557,642
0,0,0,1,0,2,2,2,0,0,3,0,0,0,0,2,0,0,0,1,-0.183138,558,644
0,0,0,0,1,0,2,2,0,2,1,1,1,0,0,0,0,3,0,0,-0.744713,559,666
0,0,0,1,0,4,0,0,0,2,1,0,0,2,0,0,0,2,0,1,-0.185943,560,687
0,0,0,0,1,4,0,0,0,2,0,1,0,1,1,0,3,0,0,0,-0.573210,561,713
0,1,0,0,0,2,2,0,2,0,0,0,1,2,0,0,3,0,0,0,0.095905,562,542
0,0,1,0,0,2,0,2,2,0,0,0,0,0,3,0,0,1,0,2,0.050272,563,526
0,1,0,0,0,2,2,2,0,0,1,0,2,0,0,2,0,1,0,0,0.202202,564,659
0,0,1,0,0,2,0,0,2,2,1,0,0,0,2,1,0,0,2,0,-0.014418,565,598
0,0,1,0,0,0,2,4,0,0,0,1,1,0,1,0,0,0,1,2,0.016394,566,639
0,0,0,0,1,2,0,2,2,0,0,0,0,0,3,0,1,0,0,2,-0.563262,567,698
0,1,0,0,0,4,0,0,2,0,0,1,1,0,1,0,0,1,0,2,0.236323,568,702
0,0,1,0,0,4,2,0,0,0,0,1,1,0,1,0,0,3,0,0,0.028592,569,686
0,0,1,0,0,0,2,0,2,2,1,0,0,2,0,0,0,2,1,0,-0.154649,570,645
1,0,0,0,0,0,0,2,0,4,1,1,0,1,0,0,2,1,0,0,-0.417604,571,673
1,0,0,0,0,0,2,0,4,0,1,1,0,0,1,0,0,1,2,0,-0.626651,572,636
0,0,1,0,0,2,2,2,0,0,0,1,2,0,0,0,0,0,2,1,0.045694,573,648
0,1,0,0,0,2,4,0,0,0,0,2,0,1,0,0,0,1,0,2,0.149465,574,626
0,0,0,1,0,0,0,2,4,0,0,1,0,1,1,0,0,2,1,0,-0.256582,575,694
1,0,0,0,0,0,2,4,0,0,2,1,0,0,0,0,0,0,3,0,-0.541073,576,620
0,1,0,0,0,2,0,0,2,2,1,0,2,0,0,0,0,3,0,0,0.080226,577,672
0,0,0,0,1,0,4,2,0,0,0,0,2,1,0,0,2,1,0,0,-0.867560,578,732
0,1,0,0,0,0,2,2,0,2,1,0,2,0,0,0,1,0,0,2,0.072455,579,696
0,1,0,0,0,0,4,2,0,0,0,0,0,0,3,0,0,0,0,3,0.135517,580,681
0,0,0,1,0,0,0,4,0,2,0,1,1,1,0,2,0,1,0,0,-0.221228,581,227
0,0,0,1,0,0,2,2,0,2,0,0,0,2,1,0,0,3,0,0,-0.320157,582,481
0,0,0,1,0,0,0,2,2,2,0,1,0,1,1,0,0,0,0,3,-0.229233,583,761
1,0,0,0,0,2,0,0,4,0,1,2,0,0,0,0,0,0,0,3,-0.520293,584,584
0,0,0,0,1,0,2,0,4,0,1,1,0,1,0,0,0,0,0,3,-0.766828,585,707
0,1,0,0,0,4,0,0,0,2,0,0,2,1,0,0,1,0,2,0,0.201539,586,764
0,1,0,0,0,2,0,0,2,2,0,1,0,1,1,2,0,0,1,0,0.267468,587,758
0,0,0,0,1,0,2,0,2,2,0,1,0,0,2,0,0,0,2,1,-0.629666,588,622
0,0,1,0,0,4,0,0,0,2,0,0,2,1,0,0,2,1,0,0,-0.047163,589,706
1,0,0,0,0,0,2,4,0,0,0,1,1,0,1,0,0,2,0,1,-0.475426,590,683
1,0,0,0,0,0,2,2,0,2,0,0,1,0,2,0,2,1,0,0,-0.585217,591,747
0,0,0,0,1,0,2,0,2,2,1,1,0,0,1,0,0,0,2,1,-0.719904,592,484
1,0,0,0,0,2,0,2,0,2,0,1,1,0,1,0,0,2,1,0,-0.468080,593,718
0,0,0,0,1,0,0,0,2,4,0,0,1,0,2,0,1,2,0,0,-0.654087,594,715
0,0,1,0,0,0,2,2,2,0,2,0,0,1,0,2,0,0,1,0,-0.068372,595,749
0,0,0,0,1,4,0,0,0,2,1,0,0,1,1,0,2,0,0,1,-0.510027,596,730
0,0,0,1,0,2,0,2,0,2,1,0,1,1,0,0,0,2,0,1,-0.189894,597,813
0,0,1,0,0,4,0,0,0,2,0,2,0,0,1,0,1,2,0,0,0.115542,598,658
0,1,0,0,0,0,2,0,4,0,1,0,0,1,1,0,0,1,0,2,0.023313,599,716
0,0,1,0,0,0,0,0,0,6,0,0,2,0,1,3,0,0,0,0,0.019105,600,794
0,1,0,0,0,2,0,2,0,2,1,2,0,0,0,1,0,2,0,0,0.273920,601,711
0,1,0,0,0,0,2,2,0,2,1,1,1,0,0,1,2,0,0,0,0.130681,602,664
0,0,0,1,0,2,0,4,0,0,0,0,1,2,0,1,0,0,2,0,-0.139807,603,667
0,1,0,0,0,0,0,4,0,2,1,0,0,0,2,0,0,2,0,1,0.190424,604,596
0,1,0,0,0,4,0,0,2,0,1,0,0,2,0,1,0,0,0,2,0.324863,605,709
0,1,0,0,0,0,0,0,4,2,0,1,2,0,0,0,0,0,3,0,0.088805,606,814
1,0,0,0,0,0,2,2,2,0,0,0,0,2,1,1,0,0,0,2,-0.554655,607,802
0,0,0,0,1,4,2,0,0,0,1,1,0,0,1,1,0,0,2,0,-0.576757,608,611
0,0,1,0,0,2,0,2,0,2,1,1,1,0,0,0,0,3,0,0,-0.021348,609,153
0,0,0,0,1,0,0,2,2,2,0,2,0,1,0,2,0,0,0,1,-0.766264,610,734
0,0,1,0,0,2,4,0,0,0,1,1,0,1,0,2,0,0,0,1,0.075131,611,679
1,0,0,0,0,2,0,2,0,2,2,0,1,0,0,0,0,0,2,1,-0.402500,612,357
1,0,0,0,0,2,2,2,0,0,1,0,1,0,1,3,0,0,0,0,-0.475958,613,757
0,0,1,0,0,6,0,0,0,0,1,1,0,1,0,2,1,0,0,0,0.109165,614,743
1,0,0,0,0,0,2,2,0,2,1,0,0,1,1,0,0,3,0,0,-0.659029,615,699
1,0,0,0,0,2,2,2,0,0,0,1,1,0,1,1,2,0,0,0,-0.447882,616,781
0,1,0,0,0,0,2,2,0,2,0,0,0,2,1,0,0,1,2,0,0.132883,618,746
1,0,0,0,0,0,0,6,0,0,1,0,1,0,1,1,0,0,0,2,-0.411498,619,651
0,0,1,0,0,2,0,2,2,0,2,0,0,0,1,1,0,2,0,0,-0.060985,620,655
1,0,0,0,0,2,2,2,0,0,1,1,0,0,1,0,3,0,0,0,-0.511510,621,786
0,0,0,1,0,4,2,0,0,0,0,2,0,1,0,0,0,0,3,0,-0.264960,622,688
0,0,1,0,0,0,0,0,6,0,1,0,0,1,1,0,0,0,0,3,-0.043922,623,773
0,0,1,0,0,0,4,0,2,0,0,0,2,0,1,1,0,0,2,0,-0.157178,624,695
1,0,0,0,0,2,2,0,2,0,0,1,0,1,1,3,0,0,0,0,-0.482277,625,333
0,0,1,0,0,0,4,0,2,0,0,2,1,0,0,0,2,0,1,0,-0.202658,626,754
0,0,1,0,0,0,0,2,4,0,1,0,2,0,0,2,0,0,0,1,-0.043812,627,792
0,0,0,1,0,4,0,2,0,0,1,0,1,1,0,1,0,2,0,0,-0.148321,628,721
0,0,1,0,0,0,0,2,4,0,0,1,0,0,2,0,2,0,0,1,-0.014884,629,714
0,1,0,0,0,2,2,2,0,0,2,1,0,0,0,0,2,1,0,0,0.134485,630,727
0,1,0,0,0,4,0,0,2,0,1,1,1,0,0,0,2,0,0,1,0.232892,631,552
0,0,1,0,0,2,2,0,2,0,0,1,1,1,0,1,2,0,0,0,-0.074876,632,748
0,0,1,0,0,0,2,4,0,0,1,0,2,0,0,0,1,2,0,0,-0.094731,633,837
0,0,0,1,0,2,0,2,2,0,0,0,1,0,2,0,1,0,0,2,-0.184746,634,755
0,0,1,0,0,0,2,2,2,0,1,0,1,1,0,0,1,2,0,0,-0.106280,635,752
0,1,0,0,0,2,2,0,0,2,0,1,0,1,1,2,0,1,0,0,0.181391,636,724
0,0,1,0,0,0,0,0,0,6,2,0,1,0,0,0,0,1,2,0,-0.113909,637,844
0,0,0,1,0,4,0,0,2,0,1,0,1,0,1,0,0,1,2,0,-0.172746,638,817
0,1,0,0,0,2,0,2,2,0,2,0,0,1,0,0,0,2,0,1,0.201970,639,805
0,1,0,0,0,2,0,0,4,0,0,0,1,1,1,3,0,0,0,0,0.199011,640,778
0,0,1,0,0,0,0,4,2,0,0,0,0,1,2,0,1,2,0,0,-0.118247,641,804
0,0,0,1,0,0,0,2,0,4,1,1,0,0,1,0,0,0,3,0,-0.255430,642,753
0,1,0,0,0,4,0,2,0,0,0,0,1,1,1,0,0,0,3,0,0.313042,643,739
0,0,0,1,0,0,0,2,0,4,0,1,2,0,0,2,1,0,0,0,-0.329160,644,693
0,0,0,0,1,0,0,0,2,4,1,0,2,0,0,0,2,0,0,1,-0.720400,645,867
0,0,1,0,0,0,2,2,0,2,1,1,0,0,1,1,0,0,2,0,-0.037357,646,722
0,0,1,0,0,0,4,0,0,2,0,0,0,0,3,0,0,2,0,1,-0.200725,647,296
0,0,0,0,1,0,2,0,0,4,1,0,0,0,2,2,0,0,1,0,-0.719287,648,782
0,1,0,0,0,2,2,0,2,0,2,0,0,0,1,0,0,0,0,3,0.139998,649,772
0,0,1,0,0,0,2,4,0,0,0,0,0,1,2,0,1,2,0,0,-0.116490,650,858
0,0,1,0,0,0,0,0,6,0,0,1,1,1,0,0,2,1,0,0,-0.195803,651,812
0,0,0,0,1,2,0,0,4,0,0,0,0,3,0,0,3,0,0,0,-0.695845,652,630
0,0,0,0,1,0,4,2,0,0,0,0,1,2,0,1,2,0,0,0,-0.841163,653,779
0,0,0,1,0,2,2,0,2,0,0,0,1,1,1,2,1,0,0,0,-0.210683,654,820
0,0,0,0,1,2,2,0,2,0,0,0,1,1,1,2,1,0,0,0,-0.654416,655,866
1,0,0,0,0,4,0,0,0,2,1,1,0,1,0,1,2,0,0,0,-0.396348,656,894
0,0,0,1,0,2,0,2,0,2,1,0,0,2,0,0,1,0,0,2,-0.240726,657,762
0,1,0,0,0,0,2,0,4,0,1,1,0,1,0,1,0,2,0,0,0.057931,658,855
1,0,0,0,0,4,2,0,0,0,1,1,1,0,0,0,0,0,1,2,-0.422839,659,803
0,1,0,0,0,0,0,2,0,4,0,0,1,0,2,2,0,0,1,0,-0.002261,660,839
0,0,0,0,1,2,4,0,0,0,1,1,0,1,0,1,2,0,0,0,-0.727357,661,750
1,0,0,0,0,0,0,2,2,2,0,2,1,0,0,2,0,1,0,0,-0.677069,662,774
1,0,0,0,0,2,2,2,0,0,0,0,2,0,1,0,1,2,0,0,-0.602929,663,769
0,0,0,1,0,2,2,0,0,2,1,1,1,0,0,0,1,0,0,2,-0.359003,664,806
0,0,0,1,0,2,0,0,4,0,0,0,0,2,1,0,0,1,0,2,-0.262730,665,801
0,0,0,1,0,0,2,0,4,0,0,1,1,1,0,0,0,1,2,0,-0.379834,666,735
0,0,0,1,0,0,4,0,2,0,0,1,0,1,1,1,0,2,0,0,-0.388472,667,788
0,0,0,0,1,4,0,0,0,2,1,0,1,0,1,2,0,0,1,0,-0.509815,668,815
0,0,1,0,0,2,4,0,0,0,0,1,0,1,1,0,0,0,2,1,-0.017690,669,767
0,0,0,1,0,2,4,0,0,0,1,0,1,0,1,0,1,2,0,0,-0.339637,670,770
0,0,0,0,1,2,2,2,0,0,2,0,0,1,0,0,0,1,0,2,-0.657560,671,808
1,0,0,0,0,0,2,2,2,0,1,1,0,0,1,0,0,0,1,2,-0.509107,672,783
0,0,0,1,0,2,0,4,0,0,0,0,1,2,0,0,0,0,0,3,-0.110130,673,768
0,0,1,0,0,0,0,4,2,0,1,1,1,0,0,3,0,0,0,0,0.057430,674,847
0,0,1,0,0,2,2,0,2,0,0,2,1,0,0,0,0,0,3,0,-0.053988,675,736
0,1,0,0,0,0,2,2,2,0,1,0,2,0,0,0,2,1,0,0,0.034612,676,705
0,0,0,1,0,4,2,0,0,0,1,1,1,0,0,3,0,0,0,0,-0.172722,677,793
0,0,0,0,1,4,0,2,0,0,2,0,1,0,0,0,1,0,2,0,-0.497031,678,777
0,0,0,1,0,0,0,0,0,6,0,1,1,0,1,1,0,2,0,0,-0.376616,679,838
0,0,0,1,0,4,0,0,0,2,1,0,2,0,0,0,0,0,3,0,-0.210902,680,800
0,0,0,1,0,4,0,0,0,2,1,1,1,0,0,0,0,0,1,2,-0.189403,681,831
1,0,0,0,0,0,4,0,2,0,1,0,2,0,0,0,0,2,1,0,-0.761122,682,904
0,0,0,0,1,0,2,2,2,0,0,1,1,0,1,0,0,3,0,0,-0.731610,683,457
0,1,0,0,0,2,0,2,2,0,1,0,0,2,0,0,1,2,0,0,0.191829,684,899
0,1,0,0,0,2,0,2,0,2,1,0,1,1,0,1,2,0,0,0,0.198834,685,845
0,0,1,0,0,0,2,0,2,2,2,0,1,0,0,0,0,0,2,1,-0.122993,686,825
1,0,0,0,0,0,0,2,2,2,1,1,0,0,1,0,0,0,0,3,-0.436934,687,509
0,0,1,0,0,4,0,0,2,0,1,0,0,1,1,0,0,0,2,1,0.104752,688,830
1,0,0,0,0,0,0,2,4,0,2,1,0,0,0,1,0,0,0,2,-0.482074,689,745
0,0,1,0,0,2,2,0,2,0,1,1,1,0,0,0,0,0,3,0,-0.060938,690,816
0,0,1,0,0,0,2,2,2,0,1,1,1,0,0,0,0,0,2,1,-0.057315,691,902
0,0,0,0,1,0,2,0,2,2,0,3,0,0,0,2,0,0,0,1,-0.903134,692,797
0,0,0,1,0,0,0,2,4,0,0,1,1,1,0,1,0,0,2,0,-0.301632,693,798
1,0,0,0,0,2,2,2,0,0,0,0,1,2,0,1,0,2,0,0,-0.536962,694,860
0,0,1,0,0,0,2,0,4,0,0,0,0,0,3,0,0,1,0,2,-0.153328,695,828
0,0,0,0,1,0,0,4,2,0,1,0,2,0,0,0,0,1,2,0,-0.653783,696,751
0,0,1,0,0,0,6,0,0,0,0,1,0,2,0,1,0,0,2,0,-0.130113,697,785
0,0,1,0,0,2,2,0,2,0,1,0,1,1,0,0,0,0,2,1,-0.034889,698,763
0,0,1,0,0,2,0,2,0,2,0,0,0,1,2,0,0,0,2,1,0.012019,699,829
0,1,0,0,0,2,4,0,0,0,0,2,0,1,0,0,0,2,0,1,0.199803,700,811
0,0,0,0,1,0,2,2,0,2,1,1,0,1,0,1,2,0,0,0,-0.764727,701,766
0,1,0,0,0,2,0,2,2,0,0,1,0,0,2,0,0,0,3,0,0.299496,702,850
0,1,0,0,0,0,0,2,2,2,1,1,1,0,0,1,0,0,0,2,0.203446,703,873
0,0,0,0,1,2,2,0,0,2,1,0,0,1,1,0,1,2,0,0,-0.687317,704,703
0,0,0,1,0,2,2,0,2,0,1,1,1,0,0,0,0,2,0,1,-0.287822,705,849
0,0,0,1,0,2,0,2,2,0,1,1,0,1,0,0,2,1,0,0,-0.213405,706,700
1,0,0,0,0,2,2,2,0,0,0,1,0,1,1,0,2,0,1,0,-0.556890,707,824
0,0,0,1,0,0,2,2,0,2,0,1,2,0,0,1,0,0,2,0,-0.362989,708,883
1,0,0,0,0,0,2,2,0,2,1,2,0,0,0,0,2,1,0,0,-0.621457,709,822
0,0,0,1,0,2,0,2,2,0,2,0,0,0,1,1,0,2,0,0,-0.227253,710,869
0,1,0,0,0,2,0,0,2,2,1,0,1,1,0,0,0,1,2,0,0.143163,711,881
0,0,1,0,0,0,2,0,2,2,1,0,0,2,0,2,0,1,0,0,-0.126905,712,527
0,0,0,1,0,0,2,0,2,2,1,0,1,1,0,0,1,0,0,2,-0.398188,713,791
0,0,0,1,0,2,2,0,2,0,1,0,0,0,2,1,0,2,0,0,-0.327649,714,799
1,0,0,0,0,4,2,0,0,0,0,0,2,1,0,0,1,0,0,2,-0.491928,715,827
0,0,0,1,0,0,0,2,4,0,1,0,2,0,0,1,0,0,2,0,-0.285863,716,796
0,1,0,0,0,0,2,2,0,2,1,0,0,1,1,0,2,0,1,0,-0.056161,717,810
1,0,0,0,0,2,2,0,0,2,1,0,1,0,1,0,0,1,2,0,-0.597153,718,836
1,0,0,0,0,0,2,0,4,0,0,2,1,0,0,0,3,0,0,0,-0.699722,719,897
0,0,1,0,0,0,4,0,2,0,0,1,2,0,0,0,0,2,1,0,-0.202319,720,889
0,1,0,0,0,0,2,2,0,2,0,0,2,1,0,0,0,2,1,0,0.129681,721,833
0,1,0,0,0,4,0,0,0,2,0,1,1,1,0,0,2,0,1,0,0.197383,722,890
0,0,0,1,0,4,2,0,0,0,1,2,0,0,0,0,3,0,0,0,-0.266604,723,413
0,0,0,0,1,2,0,0,4,0,0,1,0,1,1,0,1,2,0,0,-0.675766,724,854
0,0,0,1,0,0,0,4,2,0,1,0,0,0,2,0,1,0,0,2,-0.232872,725,725
0,0,1,0,0,2,4,0,0,0,0,0,1,1,1,2,0,1,0,0,-0.012652,726,880
1,0,0,0,0,2,0,4,0,0,0,1,0,1,1,0,2,1,0,0,-0.397821,727,851
0,0,1,0,0,2,0,2,0,2,0,2,0,1,0,0,2,1,0,0,-0.002807,728,819
1,0,0,0,0,4,0,2,0,0,1,1,1,0,0,0,2,1,0,0,-0.406396,729,856
1,0,0,0,0,2,0,0,2,2,0,0,1,1,1,2,0,1,0,0,-0.566919,730,877
0,0,1,0,0,4,0,0,0,2,1,1,0,1,0,1,0,0,2,0,0.110953,731,901
0,1,0,0,0,4,0,0,2,0,0,2,0,1,0,0,0,0,2,1,0.262387,732,446
0,0,0,0,1,0,4,0,0,2,1,0,1,1,0,0,0,2,0,1,-0.811152,733,857
0,1,0,0,0,2,0,4,0,0,0,1,2,0,0,0,3,0,0,0,0.228951,734,893
0,0,0,0,1,0,0,2,2,2,1,0,0,0,2,1,0,0,2,0,-0.670592,735,886
0,0,1,0,0,0,0,4,0,2,1,0,0,0,2,0,0,0,1,2,-0.050879,736,780
0,0,0,1,0,0,0,2,0,4,0,0,1,2,0,0,2,0,1,0,-0.312034,737,919
1,0,0,0,0,4,0,0,2,0,0,2,0,1,0,0,2,0,1,0,-0.456810,738,835
0,0,0,1,0,4,2,0,0,0,1,1,0,1,0,1,0,0,0,2,-0.109016,739,916
0,1,0,0,0,2,0,2,0,2,0,2,0,1,0,2,0,0,1,0,0.238033,740,618
0,0,0,0,1,0,2,2,0,2,0,0,1,1,1,0,1,0,2,0,-0.658794,741,775
1,0,0,0,0,2,4,0,0,0,1,0,1,0,1,0,0,3,0,0,-0.681053,742,914
1,0,0,0,0,2,0,0,4,0,1,0,1,0,1,0,1,2,0,0,-0.476067,743,921
0,0,1,0,0,4,0,2,0,0,0,2,0,1,0,0,0,0,2,1,0.184243,744,846
0,0,0,0,1,6,0,0,0,0,1,0,0,1,1,1,0,0,0,2,-0.388671,745,823
0,1,0,0,0,0,0,2,4,0,3,0,0,0,0,0,0,0,0,3,0.192751,747,821
0,0,1,0,0,2,2,0,0,2,0,0,3,0,0,0,1,0,2,0,-0.156932,748,744
0,1,0,0,0,0,4,0,2,0,0,0,0,1,2,0,0,1,0,2,0.059143,749,946
0,0,0,0,1,0,2,0,2,2,0,1,0,1,1,2,0,0,0,1,-0.721087,750,935
0,1,0,0,0,2,0,4,0,0,0,0,1,1,1,0,2,0,1,0,0.274471,751,925
0,0,0,0,1,0,4,2,0,0,0,0,1,2,0,2,0,0,1,0,-0.810528,752,938
0,1,0,0,0,0,0,0,2,4,1,0,0,2,0,0,0,0,2,1,0.082392,753,931
0,0,0,1,0,2,4,0,0,0,1,2,0,0,0,0,0,1,0,2,-0.217863,754,923
0,0,0,1,0,2,0,0,4,0,0,1,1,0,1,2,1,0,0,0,-0.225413,755,917
1,0,0,0,0,0,2,0,4,0,0,1,2,0,0,0,0,2,0,1,-0.660561,756,945
0,0,0,1,0,2,0,0,4,0,0,1,0,1,1,2,1,0,0,0,-0.250263,757,892
0,0,0,0,1,4,0,0,0,2,1,1,1,0,0,0,0,2,1,0,-0.551515,758,888
1,0,0,0,0,0,2,0,2,2,2,0,0,1,0,1,0,0,2,0,-0.565195,759,940
0,0,1,0,0,0,0,6,0,0,1,1,0,1,0,0,0,0,0,3,0.206530,760,908
0,0,0,1,0,0,2,2,0,2,1,0,0,0,2,0,0,0,0,3,-0.319043,761,865
0,0,1,0,0,2,0,2,0,2,1,2,0,0,0,1,0,0,0,2,0.140045,762,807
0,0,1,0,0,2,2,2,0,0,1,0,0,2,0,2,0,0,0,1,0.102526,763,848
0,0,0,1,0,2,0,4,0,0,0,0,2,1,0,0,0,0,2,1,-0.150555,764,956
0,0,0,0,1,2,2,0,0,2,0,0,1,2,0,0,0,2,0,1,-0.708497,765,910
0,0,0,0,1,0,0,4,2,0,0,0,2,1,0,0,0,1,2,0,-0.685489,766,776
0,0,0,1,0,2,2,0,0,2,2,1,0,0,0,0,0,0,2,1,-0.214878,767,896
0,0,0,1,0,2,2,0,0,2,1,0,2,0,0,0,2,0,1,0,-0.375422,768,905
0,0,1,0,0,0,2,0,2,2,1,0,0,1,1,0,0,1,0,2,-0.177106,769,906
0,0,0,1,0,0,2,2,2,0,0,0,2,0,1,0,0,2,0,1,-0.329136,770,840
0,0,1,0,0,2,0,0,2,2,0,0,0,1,2,0,2,0,0,1,-0.036007,771,955
0,0,0,0,1,2,2,0,2,0,0,1,1,0,1,0,1,0,0,2,-0.705404,772,959
0,0,1,0,0,2,0,0,2,2,0,0,1,1,1,1,0,0,2,0,-0.004608,773,920
1,0,0,0,0,2,2,0,2,0,0,0,2,0,1,1,0,0,2,0,-0.538145,774,852
1,0,0,0,0,0,0,2,0,4,0,2,0,0,1,0,1,2,0,0,-0.433349,775,912
0,0,0,1,0,4,0,2,0,0,0,0,1,1,1,0,0,0,3,0,-0.119465,776,891
0,0,0,0,1,0,0,6,0,0,0,1,1,0,1,0,1,2,0,0,-0.629577,777,918
0,0,0,0,1,2,4,0,0,0,0,1,0,2,0,0,2,0,0,1,-0.790788,778,826
0,0,0,1,0,0,4,0,2,0,0,2,0,1,0,0,0,1,0,2,-0.349219,779,978
0,1,0,0,0,0,2,0,0,4,2,0,0,0,1,0,1,0,2,0,-0.072037,780,872
0,1,0,0,0,0,0,0,4,2,1,0,0,2,0,0,0,3,0,0,0.042132,781,924
0,0,1,0,0,4,0,2,0,0,1,1,1,0,0,2,1,0,0,0,0.042854,782,874
0,0,1,0,0,0,0,0,0,6,0,0,1,2,0,0,2,0,1,0,-0.079543,783,975
0,0,0,1,0,0,2,0,4,0,1,0,1,0,1,0,2,1,0,0,-0.405666,784,951
0,0,0,1,0,0,6,0,0,0,1,1,0,1,0,0,0,0,1,2,-0.369240,785,834
0,1,0,0,0,2,2,0,2,0,1,0,1,0,1,0,0,2,0,1,0.084309,786,941
0,1,0,0,0,4,0,2,0,0,1,0,1,0,1,0,3,0,0,0,0.253303,787,875
0,0,0,0,1,2,0,2,2,0,0,0,1,1,1,0,3,0,0,0,-0.634939,788,934
0,0,0,1,0,0,0,2,0,4,1,1,1,0,0,0,2,0,0,1,-0.246996,789,976
0,0,0,1,0,0,2,0,0,4,1,1,0,1,0,0,2,0,1,0,-0.332550,791,973
0,0,0,1,0,2,0,0,2,2,0,1,2,0,0,0,0,0,2,1,-0.333028,792,983
0,0,1,0,0,4,0,2,0,0,0,1,1,0,1,1,2,0,0,0,0.097732,793,962
1,0,0,0,0,0,2,2,2,0,0,0,1,2,0,2,0,0,1,0,-0.552758,794,913
1,0,0,0,0,0,2,0,2,2,1,0,2,0,0,2,0,0,1,0,-0.637974,795,932
0,1,0,0,0,0,0,2,0,4,0,2,1,0,0,0,0,0,1,2,0.157128,796,861
1,0,0,0,0,2,0,2,0,2,1,0,0,0,2,0,1,0,2,0,-0.466971,797,841
0,0,0,0,1,2,2,0,0,2,0,0,1,2,0,0,0,0,1,2,-0.687190,798,930
0,0,1,0,0,2,4,0,0,0,0,0,0,2,1,2,0,0,0,1,0.009035,799,939
1,0,0,0,0,0,2,4,0,0,1,0,1,0,1,2,0,0,1,0,-0.511781,800,971
0,0,1,0,0,2,0,0,4,0,1,0,2,0,0,0,0,0,2,1,-0.048550,801,969
0,0,1,0,0,0,2,2,2,0,1,0,0,0,2,2,0,0,1,0,-0.117708,802,963
0,0,1,0,0,2,2,0,0,2,0,2,0,1,0,2,0,1,0,0,-0.065214,803,911
1,0,0,0,0,2,0,0,2,2,0,1,0,0,2,0,1,0,2,0,-0.320137,804,982
0,1,0,0,0,0,0,0,2,4,2,0,0,1,0,2,0,0,1,0,0.086029,805,960
0,0,1,0,0,0,0,4,0,2,1,1,0,0,1,1,0,0,2,0,-0.021629,806,943
0,1,0,0,0,0,2,2,2,0,0,2,0,1,0,1,0,2,0,0,0.162840,807,952
0,0,0,0,1,0,0,0,0,6,0,2,1,0,0,0,0,0,2,1,-0.941788,808,994
0,1,0,0,0,0,0,2,2,2,1,0,1,1,0,0,0,0,3,0,0.055277,809,437
0,0,0,0,1,0,2,4,0,0,1,2,0,0,0,0,0,0,0,3,-0.605306,810,878
0,1,0,0,0,0,0,0,0,6,1,1,1,0,0,2,0,0,0,1,0.154251,811,981
0,0,0,1,0,2,0,0,2,2,0,1,0,0,2,0,0,2,0,1,-0.190648,812,789
0,0,0,0,1,2,0,2,0,2,1,0,0,2,0,0,0,1,2,0,-0.563031,813,947
0,0,0,0,1,0,2,0,2,2,0,0,1,0,2,1,0,0,0,2,-0.713940,814,937
0,0,0,1,0,0,4,2,0,0,1,1,0,0,1,0,0,1,0,2,-0.290242,815,979
1,0,0,0,0,2,0,0,0,4,2,0,0,0,1,0,0,2,0,1,-0.482797,816,929
0,1,0,0,0,0,0,2,4,0,1,1,1,0,0,0,0,1,2,0,0.123110,817,948
1,0,0,0,0,0,0,0,0,6,1,1,1,0,0,0,2,1,0,0,-0.530533,818,958
0,0,0,1,0,4,0,0,2,0,2,1,0,0,0,0,1,0,0,2,-0.264997,819,974
1,0,0,0,0,0,0,2,4,0,1,1,0,1,0,0,0,0,0,3,-0.457321,820,928
1,0,0,0,0,2,0,0,2,2,0,1,0,0,2,1,0,0,0,2,-0.376428,821,984
0,0,0,0,1,0,0,0,4,2,0,0,2,0,1,0,0,0,1,2,-0.692530,822,907
0,0,1,0,0,2,0,4,0,0,0,0,2,0,1,0,1,2,0,0,-0.021174,823,863
0,0,0,1,0,2,0,0,0,4,1,0,1,1,0,2,1,0,0,0,-0.281102,824,964
0,1,0,0,0,2,0,0,2,2,1,1,0,0,1,2,1,0,0,0,0.158583,825,942
0,0,1,0,0,2,2,0,0,2,0,2,0,0,1,0,0,3,0,0,-0.039273,826,832
0,1,0,0,0,2,0,4,0,0,2,1,0,0,0,0,0,0,1,2,0.368434,827,968
0,1,0,0,0,0,2,2,2,0,0,0,1,2,0,0,0,0,2,1,0.167432,828,997
1,0,0,0,0,2,0,0,0,4,0,1,0,1,1,1,0,0,2,0,-0.414556,830,601
0,0,0,0,1,0,0,2,2,2,1,1,0,1,0,0,0,0,1,2,-0.682736,831,950
1,0,0,0,0,0,0,0,4,2,2,0,1,0,0,1,2,0,0,0,-0.602949,832,989
0,0,0,0,1,0,0,2,2,2,1,1,1,0,0,1,0,0,0,2,-0.600533,833,985
0,1,0,0,0,0,0,2,2,2,0,0,2,1,0,1,0,0,0,2,0.183756,834,691
0,0,0,0,1,2,2,0,0,2,0,1,1,0,1,0,1,0,0,2,-0.716013,835,972
0,0,0,0,1,4,0,0,2,0,0,1,0,1,1,0,0,0,0,3,-0.558936,836,884
0,1,0,0,0,0,0,4,2,0,0,0,0,1,2,0,2,1,0,0,0.175474,837,986
0,0,1,0,0,0,0,2,4,0,0,2,0,1,0,0,0,2,1,0,-0.042402,838,499
1,0,0,0,0,2,0,0,0,4,0,0,0,2,1,0,1,2,0,0,-0.443864,839,967
0,0,0,1,0,2,0,0,2,2,0,1,1,1,0,0,2,0,0,1,-0.293948,840,991
0,1,0,0,0,0,2,0,4,0,0,1,0,2,0,0,0,0,2,1,0.068306,841,843
1,0,0,0,0,0,4,0,0,2,0,0,1,0,2,1,2,0,0,0,-0.714078,842,574
0,0,1,0,0,2,0,0,4,0,2,0,0,1,0,0,0,1,2,0,-0.106346,843,704
0,0,0,1,0,2,0,0,2,2,1,1,0,1,0,0,0,3,0,0,-0.260810,844,818
0,0,1,0,0,0,0,0,4,2,1,2,0,0,0,0,1,0,2,0,-0.098638,845,570
1,0,0,0,0,0,2,0,4,0,3,0,0,0,0,0,0,2,0,1,-0.759156,846,765
1,0,0,0,0,2,0,2,2,0,0,2,1,0,0,1,0,2,0,0,-0.554231,847,885
0,0,0,1,0,0,2,0,2,2,1,0,0,2,0,1,2,0,0,0,-0.401790,848,961
0,1,0,0,0,2,2,0,2,0,1,0,1,1,0,2,0,0,0,1,0.194972,849,922
0,0,1,0,0,0,6,0,0,0,1,0,1,0,1,0,2,0,0,1,-0.320480,851,936
1,0,0,0,0,0,0,2,2,2,0,1,1,1,0,0,2,0,1,0,-0.545403,852,864
0,0,1,0,0,2,0,0,0,4,0,1,1,1,0,1,0,2,0,0,-0.021145,855,990
0,0,0,0,1,4,0,2,0,0,0,0,1,1,1,2,1,0,0,0,-0.566697,856,868
0,0,0,1,0,0,0,4,2,0,0,1,1,0,1,1,2,0,0,0,-0.225779,857,720
0,0,0,0,1,2,0,0,4,0,0,2,0,0,1,0,0,1,2,0,-0.658024,858,623
0,0,0,1,0,2,0,4,0,0,1,0,1,1,0,2,0,1,0,0,-0.160063,860,859
1,0,0,0,0,2,2,0,2,0,0,1,0,1,1,0,2,1,0,0,-0.564881,861,565
0,0,0,0,1,2,0,0,4,0,0,2,0,0,1,0,1,2,0,0,-0.656617,862,957
0,0,1,0,0,2,2,2,0,0,1,0,1,0,1,0,0,2,1,0,-0.053150,863,882
0,0,0,0,1,2,0,2,0,2,0,1,1,0,1,0,0,2,0,1,-0.686533,864,809
0,0,1,0,0,2,2,0,2,0,0,1,1,0,1,0,2,1,0,0,-0.080294,865,760
0,0,0,0,1,0,2,2,2,0,0,1,0,1,1,0,2,1,0,0,-0.770856,867,420
0,0,0,0,1,2,2,0,2,0,1,1,0,1,0,0,3,0,0,0,-0.715454,868,903
0,0,0,0,1,2,0,2,0,2,0,2,0,1,0,2,0,1,0,0,-0.766394,869,550
0,0,0,0,1,4,0,2,0,0,0,0,1,1,1,3,0,0,0,0,-0.425454,872,302
1,0,0,0,0,4,2,0,0,0,1,0,0,2,0,0,2,0,1,0,-0.481830,873,142
0,0,0,0,1,2,0,0,2,2,1,0,0,2,0,2,0,1,0,0,-0.566210,874,787
0,0,0,1,0,0,0,0,0,6,0,1,2,0,0,0,0,2,1,0,-0.354116,875,392
1,0,0,0,0,0,2,2,0,2,1,0,1,0,1,0,0,2,1,0,-0.580595,876,278
0,0,0,1,0,0,0,6,0,0,0,0,3,0,0,3,0,0,0,0,-0.144713,877,311
